rsid	pval
rs9398182	0.274179267845971
rs911478	0.742261233823321
rs911477	0.742261233823321
rs62427205	0.143033194984373
rs911476	0.772724695974868
rs911475	0.150416588698208
rs72935128	0.198746115588378
rs9480897	0.342912608741062
rs73514354	0.934011162594498
rs2768553	0.34044299320073
rs117530289	0.198746115588378
rs2806356	0.472852073925552
rs79344722	0.775761887049666
rs112034855	0.303023110965825
rs9374060	0.307264770507411
rs2798641	0.472852073925552
rs6568553	0.335641163514499
rs117228343	0.0952803730816971
rs7740745	0.198746115588378
rs2768552	0.283322936166211
rs2768551	0.68140360163318
rs141068455	0.198746115588378
rs143039114	0.0452813842557958
rs117876211	0.0452813842557958
rs11153138	0.306255113745935
rs72935144	0.117454287135796
rs4946941	0.0835272138390009
rs147460256	0.376436020821905
rs2768549	0.497958701105554
rs75576199	0.678156585614519
rs73514358	0.795732210108198
rs61741720	0.561624349364525
rs41287540	0.135159270298811
rs113651966	0.555211349658301
rs2806357	0.270360116551263
rs2768548	0.589407888944008
rs79774757	0.0748322362608631
rs72935149	0.0602100754991643
rs1321893	0.952795879336763
rs2806358	0.820805605396771
rs74325545	0.359854557088911
rs139858975	0.565564243704881
rs12193858	0.620814574296094
rs141765010	0.733653934374739
rs58161620	0.653865069260952
rs12195728	0.634540232266411
rs12195848	0.634540232266411
rs12209480	0.477494849464535
rs11153139	0.657317026391281
rs140782855	0.596562613040536
rs60468951	0.164573419313275
rs114481082	0.709846815797407
rs115643887	0.709846815797407
rs111631633	0.843991675417309
rs6651000	0.988058320715854
rs2104118	0.84973193428399
rs12111012	0.843991675417309
rs73514374	0.843991675417309
rs62427207	0.732726682921833
rs56114088	0.667788808004305
rs117747094	0.155526691492017
rs12195378	0.95114234871297
rs2273669	0.718753029276827
rs139513124	0.667788808004305
rs140431691	0.889432447035536
rs140864257	0.433822500571857
rs6941125	0.860464135254152
rs11754955	0.813049040310342
rs76094073	0.816053644352389
rs956253	0.442982740861772
rs12191613	0.86268760908436
rs10872027	0.86268760908436
rs445221	0.256104192217571
rs138212509	0.0489809461070191
rs141262039	0.0489809461070191
rs138888338	0.486538024357476
rs6935782	0.755256275475873
rs6568554	0.637516001269312
rs6936606	0.342435681344988
rs117107554	0.629987311682175
rs138986180	0.645290735429005
rs12194006	0.645290735429005
rs12213775	0.645290735429005
rs67708237	0.645290735429005
rs7753554	0.645290735429005
rs139172873	0.883919803224249
rs1887414	0.704163000609995
rs4992384	0.704163000609995
rs4992383	0.86268760908436
rs6907937	0.704163000609995
rs6927930	0.342435681344988
rs6908104	0.704163000609995
rs6928200	0.645290735429005
rs62427208	0.0962692579755397
rs6929070	0.704163000609995
rs6908714	0.645290735429005
rs3734649	0.810345733508145
rs3734650	0.704163000609995
rs3734651	0.704163000609995
rs41287542	0.920593475010678
rs2038542	0.704163000609995
rs2145767	0.816053644352389
rs2145766	0.645290735429005
rs2145765	0.810345733508145
rs141683383	0.810345733508145
rs10457184	0.810345733508145
rs12196819	0.888312721967853
rs113589654	0.269863113638165
rs12198152	0.938895165678818
rs11153140	0.645290735429005
rs112483590	0.810345733508145
rs140202025	0.86268760908436
rs139306421	0.439584289519013
rs11153141	0.81189482809955
rs9486983	0.0664250929934842
rs10456862	0.888312721967853
rs10456863	0.888312721967853
rs10456864	0.810345733508145
rs9486984	0.546682068828385
rs12202463	0.810345733508145
rs11153142	0.810345733508145
rs12207202	0.810345733508145
rs12200902	0.812375718917371
rs11153144	0.810345733508145
rs11153145	0.810345733508145
rs11153146	0.810345733508145
rs11757168	0.810345733508145
rs138660468	0.753082503393534
rs111523655	0.810345733508145
rs879612470	0.888312721967853
rs879487460	0.888312721967853
rs879383936	0.888312721967853
rs879540254	0.888312721967853
rs879663064	0.888312721967853
rs879391624	0.888312721967853
rs556129069	0.888312721967853
rs12196010	0.816053644352389
rs12196024	0.888312721967853
rs12196143	0.810345733508145
rs6907147	0.427585036477975
rs116189763	0.810345733508145
rs111303770	0.810345733508145
rs12206834	0.810345733508145
rs11153147	0.810345733508145
rs118126621	0.9358295215546
rs11153149	0.687726402862288
rs1080945	0.645290735429005
rs78276890	0.810345733508145
rs112319185	0.810345733508145
rs76747161	0.810345733508145
rs12210444	0.810345733508145
rs112499531	0.82631563961562
rs111773102	0.810345733508145
rs114414265	0.810345733508145
rs111353760	0.810345733508145
rs375937982	0.810345733508145
rs12212402	0.810345733508145
rs2145763	0.880562749441653
rs5879006	0.810345733508145
rs535098710	0.244580097412282
rs16822	0.810345733508145
rs4509156	0.888312721967853
rs4527738	0.810345733508145
rs4470881	0.697211458391304
rs113477421	0.895066514380802
rs7759680	0.80552509473702
rs6904998	0.827531900273415
rs78550764	0.692093750967465
rs78383792	0.810345733508145
rs74582170	0.810345733508145
rs150335824	0.35356158913515
rs12154092	0.810345733508145
rs12215614	0.888312721967853
rs10872028	0.905521247999388
rs11970599	0.905521247999388
rs12153822	0.810345733508145
rs7764330	0.534724805721906
rs113277194	0.420030043621519
rs9486985	0.852911232211977
rs11153150	0.810345733508145
rs11153151	0.810345733508145
rs111802830	0.816053644352389
rs12214567	0.810345733508145
rs12201102	0.810345733508145
rs6918331	0.888312721967853
rs12216104	0.810345733508145
rs79285264	0.810345733508145
rs76732622	0.810345733508145
rs111413983	0.810345733508145
rs6651002	0.981987312827594
rs12198182	0.810345733508145
rs12204576	0.888312721967853
rs12200531	0.888312721967853
rs68061618	0.299910846218282
rs77002235	0.816053644352389
rs60352905	0.420030043621519
rs79335220	0.227444699869922
rs55881406	0.51237799369883
rs191208698	0.486538024357476
rs10457185	0.816053644352389
rs12214121	0.810345733508145
rs201531611	0.651362799033522
rs71758052	0.950731404981157
rs3839562	0.810345733508145
rs2273668	0.812375718917371
rs75675305	0.810345733508145
rs146367219	0.243872502688109
rs75995854	0.810345733508145
rs111345199	0.420030043621519
rs113614274	0.722946703111735
rs76267985	0.722946703111735
rs7761290	0.685893040024776
rs1407241	0.670086163036102
rs75222113	0.743607792865491
rs531037349	0.623649439324041
rs12200578	0.793269386378656
rs12215344	0.79872631501019
rs151285329	0.793269386378656
rs35079319	0.119582610989026
rs12215736	0.793269386378656
rs28504359	0.793269386378656
rs6908184	0.627925398552723
rs67804469	0.290391536618572
rs6568555	0.793269386378656
rs185823410	0.913400242653451
rs67869141	0.290391536618572
rs113306703	0.79872631501019
rs11751295	0.870821584744201
rs72937014	0.292239823585614
rs199827188	0.592049825090549
rs7767882	0.854633372333934
rs138918444	0.217517603296179
rs79396909	0.76901559808499
rs79703730	0.399449861104343
rs11752532	0.793269386378656
rs10457187	0.793269386378656
rs117412830	0.795043053853896
rs12525751	0.341293525682054
rs12205053	0.793269386378656
rs12197912	0.793269386378656
rs12205061	0.793269386378656
rs1011487	0.276568273251725
rs12198088	0.793269386378656
rs34135428	0.793269386378656
rs192322815	0.913400242653451
rs12201821	0.870821584744201
rs7757845	0.373810388646124
rs117525840	0.588049858740501
rs75671532	0.793269386378656
rs7738483	0.830088236268354
rs141674146	0.79872631501019
rs11755471	0.793269386378656
rs113356513	0.616163101979525
rs80099385	0.795043053853896
rs11153152	0.830088236268354
rs7769313	0.862169688669044
rs71558338	0.160911326976203
rs76201299	0.79872631501019
rs141852184	0.793269386378656
rs12374658	0.793269386378656
rs12374597	0.793269386378656
rs7765732	0.793269386378656
rs7766248	0.793269386378656
rs113393759	0.793269386378656
rs113948720	0.870821584744201
rs9398186	0.268925090831627
rs62427214	0.109453568706792
rs117695165	0.684564240956962
rs35853071	0.879618148320233
rs7739362	0.775807989302714
rs76430494	0.870821584744201
rs79465564	0.795043053853896
rs78714994	0.793269386378656
rs75263286	0.79872631501019
rs17070136	0.79872631501019
rs77936298	0.793269386378656
rs7759014	0.793269386378656
rs75942063	0.79872631501019
rs72937023	0.906029162346081
rs12206423	0.827062727637521
rs12206634	0.795043053853896
rs12213664	0.772049603656786
rs12193075	0.871235857093593
rs12206606	0.596292849574023
rs563174435	0.34888065719023
rs184856485	0.368556808282823
rs529065337	0.558669930209866
rs67977976	0.229896518971864
rs56315926	0.373810388646124
rs1424479	0.793269386378656
rs7747432	0.373810388646124
rs7747756	0.229896518971864
rs11153153	0.79872631501019
rs76367548	0.793269386378656
rs11153154	0.870821584744201
rs12195836	0.793269386378656
rs12202145	0.793269386378656
rs142854767	0.69893049926292
rs17070139	0.79872631501019
rs112276698	0.793269386378656
rs36076724	0.906137095201604
rs11153155	0.793269386378656
rs6908999	0.651362799033522
rs34921936	0.79872631501019
rs112871784	0.870821584744201
rs6899723	0.793269386378656
rs12215381	0.870821584744201
rs13192030	0.164136742731381
rs9688896	0.793269386378656
rs9688496	0.752153961170718
rs150042104	0.76901559808499
rs11153156	0.793269386378656
rs11752581	0.79872631501019
rs112942730	0.793269386378656
rs112292274	0.494979206388615
rs12525191	0.547081566831519
rs76249006	0.870821584744201
rs66502861	0.295211691510264
rs78930812	0.624369035939522
rs2003315	0.793269386378656
rs2356575	0.870821584744201
rs113033876	0.870821584744201
rs111437091	0.373810388646124
rs369030978	0.379020213291956
rs12332947	0.76901559808499
rs866163169	0.379020213291956
rs780174701	0.386255898014253
rs12208578	0.79872631501019
rs11757590	0.826104420747542
rs11759732	0.743311797585775
rs67960979	0.561395525794236
rs6916819	0.708971662495944
rs72937036	0.276568273251725
rs147611768	0.203372893980529
rs6900472	0.793269386378656
rs138225942	0.79872631501019
rs118036692	0.473401359180712
rs78596296	0.93401687367582
rs34504736	0.930206458271194
rs11153158	0.931796711375516
rs6929914	0.108076417758555
rs11153159	0.853499725140863
rs6929798	0.494547751945037
rs59883302	0.90684085476713
rs147604661	0.0664250929934842
rs111340832	0.69893049926292
rs75498870	0.698081921749403
rs72937043	0.476099571209648
rs112123945	0.342214925293874
rs62427216	0.70199501240432
rs720698	0.677304789469317
rs6927994	0.280598645981865
rs56160933	0.0026646509029831
rs66670343	0.377769045856528
rs35740192	0.229548561680545
rs2050310	0.111636613572807
rs67619668	0.493524607089945
rs60027254	0.384037997452467
rs57240677	0.384037997452467
rs60833946	0.381421619694848
rs9486991	0.0664250929934842
rs117090724	0.920593475010678
rs11281315	0.966004354579959
rs58453314	0.715603199329229
rs1364450	0.959964150822122
rs72937055	0.416433095311759
rs79948792	0.302804908270482
rs17070142	0.297057057699936
rs149499882	0.324221528403246
rs113775019	0.920097356195867
rs17070143	0.380880006901455
rs66543278	0.761760561803174
rs9486992	0.0664250929934842
rs79374607	0.894422242075778
rs729566	0.841838195659369
rs17070144	0.542718717812376
rs12524627	0.427893288460866
rs72937064	0.313030521678486
rs140054664	0.893775367912343
rs1019587	0.908847315058481
rs55885457	0.703854060066298
rs66606621	0.777940091163329
rs12530435	0.498712562395561
rs10046268	0.0664250929934842
rs17070147	0.703854060066298
rs56054577	0.64719213134744
rs112954311	0.703854060066298
rs145658241	0.290880224946937
rs1970604	0.987814771260009
rs1539596	0.906846495086744
rs74421833	0.906846495086744
rs6906547	0.148038362009106
rs6929104	0.48147529238621
rs67011362	0.197475710584265
rs889883	0.332152612078029
rs75772189	0.860926568790312
rs1106853	0.758255241139799
rs117712984	0.512377057074958
rs77373614	0.91004785289292
rs35093983	0.106426275374207
rs10046283	0.756908213373617
rs117323902	0.243872502688109
rs1260658	0.441406142122279
rs149689024	0.233239143238931
rs6913480	0.197475710584265
rs184392995	0.698081921749403
rs1073557	0.711172398766763
rs189494646	0.34888065719023
rs6907197	0.148038362009106
rs17070181	0.724720498409718
rs78389289	0.309740465956704
rs111849523	0.508101504476297
rs116137647	0.038447154900662
rs6918970	0.197475710584265
rs4945825	0.818773403590834
rs56410714	0.148038362009106
rs148151902	0.782363899643336
rs117298489	0.906846495086744
rs192139693	0.243872502688109
rs145837433	0.144471524440285
rs77458111	0.332152612078029
rs146039505	0.704607223203971
rs150019660	0.545379221796629
rs78123955	0.993921695908152
rs77107907	0.91004785289292
rs12195235	0.651362799033522
rs67549086	0.148038362009106
rs117402233	0.918868715952119
rs118158530	0.560222338385221
rs78885459	0.704607223203971
rs78664663	0.498712562395561
rs67495179	0.197475710584265
rs144264582	0.21571852347634
rs56935458	0.704607223203971
rs77608624	0.906846495086744
rs7450826	0.906846495086744
rs79116221	0.583077831678052
rs138233619	0.278286499706928
rs9486996	0.39056418863538
rs73762648	0.332152612078029
rs78662936	0.906846495086744
rs117426315	0.91004785289292
rs113279173	0.808886069509409
rs143350553	0.336805144315593
rs149424314	0.463422361908636
rs150979821	0.54237073767151
rs200666346	0.808886069509409
rs141504476	0.472697465991329
rs147037731	0.583077831678052
rs112211350	0.704607223203971
rs11966104	0.704607223203971
rs75485521	0.324221528403246
rs9969025	0.332152612078029
rs116381953	0.98577490347199
rs1547325	0.681299718258673
rs150525954	0.516510537549654
rs183930246	0.641074420108176
rs78407802	0.920593475010678
rs74448917	0.681299718258673
rs75307211	0.681299718258673
rs78066682	0.681299718258673
rs111371148	0.770087143251828
rs72937081	0.31339489012858
rs17603065	0.233239143238931
rs140932283	0.493760863469595
rs68138448	0.346047518344313
rs61738623	0.336805144315593
rs78242270	0.56281367385807
rs150504233	0.386977051158344
rs150576170	0.770087143251828
rs12199109	0.912701466910165
rs35629606	0.304052743945544
rs139545852	0.416406164235903
rs555779182	0.641074420108176
rs566399950	0.91004785289292
rs141329558	0.906846495086744
rs76698413	0.681299718258673
rs351734	0.486241681831632
rs75555274	0.91004785289292
rs62427241	0.0882141314179092
rs61743581	0.56281367385807
rs57212784	0.838438217268027
rs74991574	0.786684911944075
rs7767494	0.774258405677476
rs72937091	0.31339489012858
rs1998172	0.774258405677476
rs17070199	0.179913607270343
rs188640728	0.906546629142742
rs868760099	0.641074420108176
rs10454302	0.826816965226762
rs4549653	0.786684911944075
rs144771747	0.85191666908331
rs76788498	0.266285880529183
rs60148261	0.635475462732775
rs151027819	0.630829400543424
rs57172936	0.635475462732775
rs368577330	0.869106713215515
rs185739219	0.486538024357476
rs11970018	0.635475462732775
rs58362207	0.635475462732775
rs144403860	0.233239143238931
rs768843251	0.635475462732775
rs555080844	0.635475462732775
rs76268442	0.635475462732775
rs73762651	0.27492423947361
rs79971938	0.635475462732775
rs76110214	0.635475462732775
rs74934949	0.635475462732775
rs76328768	0.635475462732775
rs112774011	0.635475462732775
rs112373754	0.630829400543424
rs111763754	0.635475462732775
rs7771058	0.774258405677476
rs78500387	0.635475462732775
rs11962337	0.635475462732775
rs11962354	0.56281367385807
rs74760066	0.0261282077051729
rs3813499	0.56281367385807
rs11963145	0.635475462732775
rs11963631	0.635475462732775
rs58411385	0.635475462732775
rs75423558	0.635475462732775
rs868000944	0.864224427711326
rs79498470	0.635475462732775
rs71558345	0.106426275374207
rs352853	0.332481439941879
rs9791265	0.236081276857899
rs59358669	0.550912029664387
rs351741	0.296421521025789
rs61284671	0.14954541718655
rs11962095	0.239717082934916
rs58215756	0.27308965888898
rs11449958	0.178699319946387
rs11342653	0.20641532550135
rs11342652	0.20641532550135
rs164759	0.381490714612775
rs113096698	0.530325785328348
rs72937095	0.634746099336749
rs352851	0.180834980573703
rs35092286	0.171131236974166
rs116955164	0.167727397860245
rs351739	0.862443534163506
rs352849	0.921704081884789
rs351738	0.271585140968037
rs112839533	0.435123169190636
rs113653563	0.549595354837467
rs71558348	0.289263135864347
rs351737	0.664850631344055
rs351736	0.665810370469236
rs351735	0.762749703964837
rs79163386	0.911873997585598
rs566164	0.53665493781367
rs6928327	0.0902184084120311
rs353052	0.59889297467249
rs1341272	0.517213315279197
rs201163223	0.347658452918506
rs351732	0.425837872631452
rs351731	0.502517785593409
rs139668090	0.834510754191111
rs35268145	0.371798199940263
rs72939005	0.347658452918506
rs59580934	0.00924811746858483
rs351730	0.341760891333905
rs7757193	0.568818928887909
rs78878294	0.441657071930912
rs351729	0.517213315279197
rs13191770	0.965859011351128
rs138754099	0.803788464813538
rs141902733	0.399007779702017
rs139550302	0.399007779702017
rs150646313	0.139845804611932
rs7772788	0.360902130452715
rs13200680	0.373110747891379
rs72939014	0.347658452918506
rs71558350	0.965859011351128
rs117509164	0.803788464813538
rs201217940	0.139845804611932
rs408944	0.667926831582615
rs75426627	0.551746776264156
rs9487003	0.49910969554646
rs35896573	0.373110747891379
rs34774766	0.341760891333905
rs78527096	0.896756064003634
rs145634947	0.734592897506118
rs544534045	0.291073980198562
rs34527629	0.49910969554646
rs1146245	0.49910969554646
rs7757073	0.596106140863737
rs201958282	0.383732611147465
rs570628466	0.383732611147465
rs79056227	0.399007779702017
rs17070209	0.659938400534054
rs368467	0.49910969554646
rs396000	0.49910969554646
rs380774	0.49910969554646
rs1146246	0.49910969554646
rs1741930	0.49910969554646
rs11448541	0.49910969554646
rs1260596	0.49910969554646
rs1260595	0.49910969554646
rs1260594	0.49910969554646
rs7767017	0.719190951436613
rs138741912	0.497326048284356
rs419106	0.49910969554646
rs445796	0.278307149030947
rs386696	0.278307149030947
rs463916	0.278307149030947
rs72939037	0.347658452918506
rs7744035	0.596106140863737
rs2483913	0.278307149030947
rs34610161	0.278307149030947
rs1260593	0.278307149030947
rs12176068	0.278307149030947
rs9480910	0.278307149030947
rs13211944	0.341760891333905
rs352837	0.517213315279197
rs412754	0.341760891333905
rs1269172	0.278307149030947
rs440849	0.278307149030947
rs71558353	0.965859011351128
rs392820	0.323067148385783
rs435090	0.316036904397663
rs1271693	0.421564624761537
rs10447414	0.517213315279197
rs381565	0.302344770644583
rs71558354	0.965859011351128
rs419998	0.352038456684603
rs78675901	0.0343572781629312
rs429534	0.341760891333905
rs398944	0.302344770644583
rs396635	0.341760891333905
rs352834	0.96778587389113
rs352835	0.441558156646863
rs458185	0.302344770644583
rs455839	0.302344770644583
rs449736	0.341760891333905
rs422113	0.435098862815709
rs459956	0.302344770644583
rs12660449	0.568818928887909
rs427960	0.319668066454861
rs399561	0.302344770644583
rs449850	0.302344770644583
rs371960	0.302344770644583
rs75566869	0.399007779702017
rs76390139	0.551746776264156
rs461487	0.302344770644583
rs458740	0.302344770644583
rs446974	0.341760891333905
rs463503	0.302344770644583
rs79763423	0.867542585233226
rs72939064	0.347658452918506
rs173288	0.527244437353694
rs1766813	0.264663175045195
rs1741923	0.337471305428493
rs1271697	0.25860205575889
rs1741921	0.25860205575889
rs9398188	0.25860205575889
rs1766814	0.25860205575889
rs378447	0.25860205575889
rs442405	0.25860205575889
rs377436	0.341760891333905
rs351742	0.25860205575889
rs191611	0.418204175885618
rs437779	0.25860205575889
rs435611	0.25860205575889
rs351743	0.25860205575889
rs352854	0.765634827399486
rs576064528	0.323670522128093
rs13207770	0.748669891292264
rs76083946	0.182567807028548
rs351744	0.364069044997246
rs58963394	0.711130383069035
rs351745	0.628255214419456
rs351746	0.435098862815709
rs670414	0.340807278987123
rs7754785	0.699764500061924
rs171272	0.27429240066848
rs34952430	0.699764500061924
rs9487007	0.699764500061924
rs80024201	0.597728060725079
rs7755242	0.699764500061924
rs1582187	0.699764500061924
rs4946947	0.400565944660088
rs1582186	0.114455713407935
rs7742743	0.699764500061924
rs142364177	0.834510754191111
rs9487008	0.699764500061924
rs9487009	0.699764500061924
rs35370422	0.373110747891379
rs351747	0.462279671649195
rs117653774	0.187547864191743
rs351748	0.506815971835573
rs35747587	0.965859011351128
rs351749	0.294262070792506
rs351750	0.435098862815709
rs74298484	0.787853415830652
rs145700387	0.957794947881346
rs13193727	0.646684228770015
rs71551362	0.748669891292264
rs351751	0.341760891333905
rs351752	0.294262070792506
rs2145367	0.0774092272508136
rs140065349	0.399007779702017
rs77860875	0.399007779702017
rs351754	0.506815971835573
rs72939076	0.347658452918506
rs140032619	0.399007779702017
rs351755	0.448461842016839
rs149211843	0.182189570415565
rs351756	0.448461842016839
rs80183167	0.48301320349475
rs410449	0.588167437467203
rs73524260	0.694965040075064
rs448496	0.435098862815709
rs380386	0.271765093317361
rs144200784	0.338465057864877
rs148847124	0.399007779702017
rs13196629	0.55700193400908
rs11752047	0.313361777417412
rs418093	0.588167437467203
rs11153161	0.588167437467203
rs830554	0.364069044997246
rs388526	0.588167437467203
rs421790	0.588167437467203
rs36085386	0.965859011351128
rs146734615	0.399007779702017
rs73762659	0.182567807028548
rs830555	0.898824919289807
rs73762660	0.182567807028548
rs140388493	0.399007779702017
rs830556	0.550421959198633
rs140936407	0.771574893997428
rs150208102	0.399007779702017
rs139139803	0.399007779702017
rs351723	0.661566411944563
rs7452157	0.48301320349475
rs78761085	0.399007779702017
rs201063252	0.399007779702017
rs146343046	0.255871182111393
rs71558356	0.947414902835898
rs351724	0.530933689304662
rs72939089	0.347658452918506
rs79243743	0.399007779702017
rs142506449	0.399007779702017
rs116698094	0.4362894279056
rs351725	0.530933689304662
rs149124843	0.399007779702017
rs351726	0.647952500329799
rs147068045	0.399007779702017
rs59673	0.790903807102018
rs150677866	0.399007779702017
rs351727	0.537908104104034
rs138941855	0.399007779702017
rs351728	0.904525216017968
rs139820642	0.399007779702017
rs143236222	0.399007779702017
rs183175402	0.415230127345957
rs149572558	0.4362894279056
rs830551	0.898824919289807
rs73762661	0.13094799367991
rs34610724	0.965859011351128
rs146213195	0.399007779702017
rs830552	0.647952500329799
rs368875763	0.77779226267489
rs202050455	0.399007779702017
rs9487012	0.0129404905216329
rs142611322	0.399007779702017
rs144535862	0.399007779702017
rs111477567	0.305037821955828
rs147691359	0.36100322901476
rs351722	0.646022690287018
rs149177782	0.36100322901476
rs351721	0.647952500329799
rs351720	0.522416379429777
rs143329533	0.36100322901476
rs117550244	0.36100322901476
rs76528775	0.155600670162255
rs141557246	0.36100322901476
rs73524277	0.694965040075064
rs7742427	0.59197949224462
rs146194491	0.399007779702017
rs139081783	0.36100322901476
rs149493432	0.399007779702017
rs144005413	0.36100322901476
rs148670833	0.36100322901476
rs144468027	0.36100322901476
rs351719	0.630974321518383
rs351718	0.776273993806294
rs436880	0.798795378287296
rs436872	0.94346637969197
rs351717	0.522416379429777
rs351716	0.522416379429777
rs150223152	0.36100322901476
rs145798657	0.36100322901476
rs12528081	0.659359725715989
rs148981080	0.296993334542213
rs200262786	0.36100322901476
rs77098435	0.346148572870801
rs79212692	0.126854845021444
rs13219673	0.965859011351128
rs145227691	0.36100322901476
rs141669146	0.36100322901476
rs79276702	0.399007779702017
rs200593217	0.36100322901476
rs772456817	0.36100322901476
rs80237674	0.849011520530915
rs151276656	0.399007779702017
rs76849386	0.849011520530915
rs76645327	0.36100322901476
rs80134861	0.399007779702017
rs76783792	0.36100322901476
rs114550072	0.849011520530915
rs9384701	0.412518521252457
rs150276972	0.399007779702017
rs137856824	0.849011520530915
rs116843151	0.399007779702017
rs543186065	0.849011520530915
rs78882501	0.849011520530915
rs142767648	0.347490500907522
rs6919423	0.859462279975116
rs138128076	0.399007779702017
rs73524284	0.549260576964587
rs71558357	0.965859011351128
rs6925339	0.702636290457223
rs141352238	0.427231254174626
rs117682220	0.586172630234672
rs117071105	0.303680564963747
rs151324421	0.270705788148069
rs117387596	0.270705788148069
rs138688246	0.270705788148069
rs1491232583	0.586172630234672
rs75226346	0.303680564963747
rs76011108	0.586172630234672
rs78774069	0.303680564963747
rs73518669	0.549260576964587
rs74544194	0.303680564963747
rs9386774	0.546505480873098
rs180997668	0.270705788148069
rs9386775	0.546505480873098
rs13196590	0.83093744249491
rs11964178	0.887231940297285
rs13211313	0.546505480873098
rs148271993	0.270705788148069
rs9320278	0.697886832091313
rs6938859	0.569570805728078
rs78852683	0.586172630234672
rs35577292	0.551854552153344
rs1341269	0.551854552153344
rs111474493	0.239031277938061
rs13219774	0.857733562990821
rs76315334	0.0758886280423956
rs9320279	0.546963703121159
rs9480914	0.00243805829084674
rs140066380	0.499592586075742
rs141488172	0.270705788148069
rs187260937	0.5486863808434
rs62436600	0.807425111404988
rs62436601	0.629088506324021
rs528322277	0.270705788148069
rs12201929	0.807425111404988
rs74743617	0.887446894467748
rs879344429	0.753065530816761
rs9386776	0.427949350203564
rs9374066	0.542693075933734
rs879477658	0.586172630234672
rs9386777	0.512134007922374
rs28868571	0.834164905878084
rs376820516	0.809606948748713
rs9480915	0.816877891474951
rs772321175	0.599579728204671
rs9386778	0.461523517879908
rs149054869	0.551746776264156
rs145498502	0.331725522598887
rs539296446	0.0343572781629312
rs1335322364	0.917138629517607
rs1440124841	0.917138629517607
rs568241948	0.904329434167044
rs3941888	0.336034984434449
rs2090887	0.567462749997632
rs144733265	0.149429585733475
rs77082965	0.5799014941618
rs139753054	0.5799014941618
rs34599673	0.331725522598887
rs2356725	0.27393123756164
rs1105155	0.694965040075064
rs76870173	0.5799014941618
rs11968783	0.0265896050212243
rs13209450	0.331725522598887
rs884366	0.26646634682148
rs75793323	0.331725522598887
rs4945826	0.26646634682148
rs6919557	0.490839282904288
rs41288546	0.5799014941618
rs4590308	0.490839282904288
rs4548045	0.547915914565417
rs144845462	0.834510754191111
rs71558360	0.331725522598887
rs4946951	0.497300310702041
rs4946952	0.524453929584909
rs79441237	0.5799014941618
rs9487016	0.029107269195769
rs1113665	0.448674253886527
rs1113666	0.97880032089049
rs55863350	0.90890468804734
rs9487017	0.00100871808568701
rs142394881	0.656225182739767
rs73518692	0.90890468804734
rs71558361	0.331725522598887
rs13190802	0.331725522598887
rs77917558	0.289807887598944
rs6924768	0.461652870758772
rs75806348	0.00259495511110715
rs9400261	0.507766550236258
rs1815038	0.739358038934527
rs1040285	0.515512004886729
rs4945828	0.481015601079009
rs4946953	0.289761266969031
rs9386779	0.244268414935629
rs36052053	0.791692110770256
rs9487018	0.874353219289844
rs9374067	0.4918781021079
rs13199388	0.365686828575505
rs9398190	0.4918781021079
rs9386780	0.0596025859173684
rs9386781	0.615581418755311
rs13203020	0.365686828575505
rs34921854	0.146770786007459
rs6899616	0.583338240601692
rs9384702	0.570409397843976
rs7743328	0.970734806604821
rs4427037	0.583338240601692
rs75375558	0.493310652335921
rs949883	0.90890468804734
rs949882	0.615581418755311
rs949881	0.615581418755311
rs9374068	0.0798807536136988
rs9374069	0.615581418755311
rs9374070	0.493417483684564
rs9398191	0.615581418755311
rs932223	0.291219921667087
rs932222	0.365686828575505
rs9384703	0.615581418755311
rs9487019	0.55089561002895
rs9384704	0.615581418755311
rs9398192	0.682829869948225
rs9487020	0.615581418755311
rs56882408	0.55089561002895
rs28590584	0.55089561002895
rs67389759	0.615581418755311
rs9384705	0.615581418755311
rs9372205	0.615581418755311
rs4142466	0.493310652335921
rs182982592	0.919607506136762
rs9487021	0.55089561002895
rs140660410	0.493310652335921
rs1812230	0.365686828575505
rs9487022	0.55089561002895
rs7764993	0.0798807536136988
rs113412925	0.493310652335921
rs9487023	0.812062742778312
rs9487024	0.029107269195769
rs6930526	0.615581418755311
rs111952926	0.493310652335921
rs6930693	0.615581418755311
rs6930844	0.615581418755311
rs6930698	0.615581418755311
rs146055259	0.365686828575505
rs9480917	0.90890468804734
rs12664455	0.265413670158465
rs34981677	0.615581418755311
rs117252620	0.289807887598944
rs9386784	0.615581418755311
rs73520752	0.970734806604821
rs9400262	0.615581418755311
rs9374072	0.615581418755311
rs34684377	0.365686828575505
rs6910696	0.273700741732092
rs7748641	0.291219921667087
rs7753076	0.510896388445111
rs6568558	0.291219921667087
rs6568559	0.160600852258876
rs142850818	0.483150166515724
rs6568560	0.160600852258876
rs73520760	0.970734806604821
rs6568561	0.291219921667087
rs57465888	0.510896388445111
rs9398193	0.160600852258876
rs7753697	0.160600852258876
rs7753705	0.160600852258876
rs34352435	0.365686828575505
rs1829694	0.160600852258876
rs79160844	0.493310652335921
rs1521906	0.497150910718922
rs34854922	0.365686828575505
rs6568562	0.90890468804734
rs4383852	0.160600852258876
rs1521905	0.160600852258876
rs6568564	0.160600852258876
rs6568565	0.90890468804734
rs74842935	0.493310652335921
rs149168881	0.0013831439384926
rs6928622	0.160600852258876
rs6929438	0.160600852258876
rs77093228	0.0343572781629312
rs1608043	0.90890468804734
rs1608042	0.160600852258876
rs1608041	0.160600852258876
rs75930510	0.559640546165526
rs1608040	0.162001009559154
rs9487029	0.90890468804734
rs9487030	0.90890468804734
rs9372208	0.160600852258876
rs9400266	0.160600852258876
rs11153164	0.226406810820315
rs72940976	0.521509848438024
rs6568566	0.160600852258876
rs6568567	0.160600852258876
rs6568568	0.160600852258876
rs7775206	0.160600852258876
rs1915835	0.291219921667087
rs6941690	0.510896388445111
rs1915834	0.291219921667087
rs6925716	0.160600852258876
rs75222755	0.493310652335921
rs6903107	0.160600852258876
rs9374076	0.473675652130083
rs4406271	0.160600852258876
rs2884012	0.160600852258876
rs139117652	0.171469387336554
rs13195816	0.121013828716917
rs59367188	0.0798807536136988
rs13210424	0.160600852258876
rs13210693	0.160600852258876
rs115002122	0.0483445134367225
rs6910119	0.160600852258876
rs142620021	0.523750697442279
rs2884013	0.160600852258876
rs73762680	0.694965040075064
rs9400267	0.160600852258876
rs9374077	0.160600852258876
rs9386787	0.113734630116653
rs7773775	0.160600852258876
rs79021763	0.90890468804734
rs9386788	0.160600852258876
rs73762681	0.90890468804734
rs9400268	0.160600852258876
rs57715392	0.510896388445111
rs1341270	0.817175881577309
rs6933326	0.160600852258876
rs9384706	0.615581418755311
rs9398196	0.160600852258876
rs35047171	0.160600852258876
rs9372209	0.160600852258876
rs9372210	0.160600852258876
rs7773213	0.160600852258876
rs35018278	0.473675652130083
rs5879017	0.160600852258876
rs2222392	0.160600852258876
rs7773815	0.113734630116653
rs7755970	0.130028854609775
rs7774377	0.113734630116653
rs7774390	0.113734630116653
rs111251513	0.103013537663431
rs13204927	0.225567912746279
rs79476022	0.477652648070906
rs77323485	0.90930017102541
rs146046326	0.473675652130083
rs9386789	0.177973061633157
rs13205489	0.365686828575505
rs13362644	0.0013831439384926
rs36094641	0.5168926148781
rs9487031	0.427352460263146
rs34949378	0.304915157415066
rs71558363	0.304915157415066
rs9480920	0.152491881078685
rs9487032	0.152491881078685
rs9487033	0.198446788316007
rs76588714	0.0774092272508136
rs9480921	0.152491881078685
rs61002917	0.995545172135135
rs9487034	0.152491881078685
rs9400269	0.152491881078685
rs5879018	0.152491881078685
rs118024849	0.679992003492336
rs9487035	0.90890468804734
rs78799897	0.304915157415066
rs9480922	0.208291506827823
rs9480923	0.208291506827823
rs9487036	0.208291506827823
rs9400270	0.208291506827823
rs9400271	0.152491881078685
rs199752817	0.463731740843618
rs6932503	0.167133602426133
rs117576890	0.463731740843618
rs74610065	0.463731740843618
rs36017932	0.0673331580823802
rs9386790	0.152491881078685
rs9386791	0.152491881078685
rs77380506	0.463731740843618
rs7772602	0.208291506827823
rs58050355	0.107682346958542
rs114529011	0.0341082729900582
rs7773331	0.196858369345837
rs60819933	0.715630406423277
rs9374079	0.208291506827823
rs79428758	0.463731740843618
rs9372211	0.152491881078685
rs9386792	0.152491881078685
rs9398197	0.152491881078685
rs9386793	0.208291506827823
rs9487037	0.0341082729900582
rs9487038	0.152491881078685
rs9487039	0.208291506827823
rs9487042	0.208291506827823
rs9487043	0.154584337240167
rs112000205	0.304915157415066
rs138491876	0.0343615767125907
rs144047311	0.559640546165526
rs1111866	0.152491881078685
rs1111865	0.152491881078685
rs1111864	0.152491881078685
rs1111863	0.208291506827823
rs4601178	0.152491881078685
rs34739891	0.304915157415066
rs9386794	0.208291506827823
rs4403290	0.141081631129748
rs882074	0.152491881078685
rs72218648	0.265209598052094
rs9487044	0.90890468804734
rs882073	0.651219960264738
rs882072	0.178437041720066
rs9487045	0.90890468804734
rs143096635	0.152491881078685
rs1320612	0.12119395107267
rs6924776	0.208291506827823
rs6924815	0.152491881078685
rs73762690	0.107682346958542
rs6568569	0.491703761583175
rs6568570	0.491703761583175
rs6568571	0.695788236276475
rs73762691	0.0728536585596508
rs7748918	0.608965708590087
rs1521908	0.175366447342128
rs11757567	0.491703761583175
rs13203155	0.543380377154149
rs13219432	0.543380377154149
rs13219561	0.491703761583175
rs79457968	0.0343615767125907
rs9487047	0.0341082729900582
rs9487048	0.543380377154149
rs9487049	0.903212292878085
rs7744284	0.0984434870068951
rs71558364	0.371694344838405
rs74914474	0.463731740843618
rs9374080	0.491703761583175
rs116826016	0.0341082729900582
rs9487050	0.976931424488087
rs9386795	0.491703761583175
rs9400272	0.543380377154149
rs9480924	0.43277697251735
rs9487051	0.543380377154149
rs9487052	0.491703761583175
rs1341271	0.491703761583175
rs112273618	0.113734630116653
rs5005289	0.543380377154149
rs7754671	0.90890468804734
rs78054846	0.463731740843618
rs73762693	0.11700463918814
rs76615866	0.0341827901392473
rs28360564	0.371694344838405
rs9386796	0.491703761583175
rs62436079	0.324139620152574
rs80003700	0.551746776264156
rs9320282	0.121013828716917
rs77009518	0.0013831439384926
rs9487053	0.0984434870068951
rs59588025	0.107682346958542
rs73512467	0.90890468804734
rs78351760	0.463731740843618
rs114018388	0.0341082729900582
rs6927569	0.092811379441683
rs115699934	0.0341082729900582
rs6909900	0.90890468804734
rs55677234	0.800004441158022
rs78277738	0.463731740843618
rs11153165	0.903212292878085
rs11153166	0.903212292878085
rs11153167	0.949935337318166
rs7773100	0.976931424488087
rs7773490	0.949935337318166
rs141440370	0.463731740843618
rs55924095	0.100595786761007
rs7753882	0.962171017804368
rs74514583	0.463731740843618
rs148978935	0.100595786761007
rs79211957	0.100595786761007
rs13220206	0.297884087241613
rs34780834	0.371694344838405
rs11961369	0.577545840583963
rs145207071	0.813554853166655
rs9784763	0.244820086920913
rs13209277	0.112131831215511
rs116455351	0.463731740843618
rs137896118	0.497326048284356
rs1006081	0.16606716598962
rs143896733	0.463731740843618
rs1546721	0.268797240338577
rs1546722	0.092811379441683
rs76863671	0.463731740843618
rs1546723	0.540134471394129
rs77096693	0.463731740843618
rs142808936	0.212867268952427
rs373667111	0.431461039966343
rs77290030	0.463731740843618
rs9487054	0.000232610718944724
rs1008084	0.511606917683576
rs1008083	0.923872699028098
rs76576241	0.361414641285777
rs6902892	0.0882773937367638
rs78191399	0.463731740843618
rs61692511	0.100595786761007
rs114597003	0.464348872091924
rs75394325	0.463731740843618
rs74494363	0.463731740843618
rs56150455	0.561396869102354
rs11153168	0.762106950347644
rs9487056	0.962171017804368
rs9487057	0.175196770418856
rs74997551	0.465020308212476
rs5012479	0.0764874887435405
rs79800784	0.0171053038199702
rs78986376	0.463731740843618
rs112044347	0.0586237621347917
rs61745372	0.694965040075064
rs73762696	0.100595786761007
rs9487058	0.0882773937367638
rs57826568	0.100595786761007
rs6903519	0.172017130859419
rs6903695	0.0764874887435405
rs74690263	0.361414641285777
rs6930733	0.0882773937367638
rs9480925	0.962171017804368
rs9374081	0.212313521200183
rs77156705	0.463731740843618
rs9386797	0.089795197684355
rs9400273	0.443980679843542
rs73762697	0.100595786761007
rs117439052	0.477652648070906
rs75670734	0.361414641285777
rs78824244	0.622817536722446
rs13200047	0.762106950347644
rs7757347	0.0668275978835111
rs9487059	0.962171017804368
rs9487060	0.113339959679227
rs13191948	0.443980679843542
rs11966072	0.227702806837079
rs77419495	0.000426960489238071
rs7762891	0.962171017804368
rs5879021	0.0764874887435405
rs78310013	0.100595786761007
rs13196219	0.227702806837079
rs111774344	0.361414641285777
rs11751953	0.227702806837079
rs139746618	0.400239862235386
rs6913093	0.0882773937367638
rs76906380	0.463731740843618
rs61734155	0.361414641285777
rs150922062	0.69169730195819
rs76809124	0.69169730195819
rs79921185	0.69169730195819
rs79212539	0.69169730195819
rs146728087	0.463731740843618
rs78553346	0.69169730195819
rs79791278	0.69169730195819
rs117904499	0.477828398563629
rs7755798	0.46601226453333
rs79960228	0.69169730195819
rs150816527	0.933243470435086
rs77655476	0.69169730195819
rs139254193	0.69169730195819
rs149578739	0.543557563855641
rs143778307	0.69169730195819
rs75219290	0.69169730195819
rs79642415	0.69169730195819
rs74693235	0.69169730195819
rs9320283	0.013599839658862
rs77946366	0.69169730195819
rs57544850	0.69169730195819
rs77158457	0.69169730195819
rs4945829	0.297138441674345
rs76422683	0.425858724981969
rs59272337	0.626529023424644
rs111417566	0.341800221345901
rs73526128	0.0252408435896548
rs7746734	0.433662671396521
rs7766709	0.521305761262965
rs55646265	0.139609956882237
rs75638499	0.515058844342503
rs4946954	0.249461066572575
rs4946955	0.173977801188056
rs9400274	0.32429088247254
rs9386798	0.32429088247254
rs7752028	0.686715238961932
rs11759230	0.32429088247254
rs11759269	0.32429088247254
rs57749539	0.32429088247254
rs60248809	0.32429088247254
rs73526132	0.72964072333647
rs77243579	0.341446040026629
rs75169065	0.341446040026629
rs57695104	0.341446040026629
rs75278348	0.223251595439183
rs77795767	0.135191711103324
rs12527574	0.169575249776154
rs76857818	0.188344535518301
rs9480926	0.00240458607660482
rs9480927	0.00240458607660482
rs4946956	0.179718336935524
rs4946957	0.179718336935524
rs4946959	0.32429088247254
rs4946960	0.32429088247254
rs1028244	0.615280688482222
rs9487061	0.00240458607660482
rs2356817	0.201691864817287
rs72947002	0.779556952854207
rs2884036	0.0775137300244216
rs9374083	0.32429088247254
rs143665619	0.919607506136762
rs112412870	0.839607410996115
rs9320284	0.686715238961932
rs11153169	0.32429088247254
rs35424364	0.531216422199577
rs12204356	0.654285172513253
rs77497373	0.32429088247254
rs9480929	0.00240458607660482
rs35757653	0.0997506637618109
rs35849756	0.109736121534795
rs72933273	0.872736017749069
rs59502176	0.0775137300244216
rs9400275	0.811685968931395
rs7775345	0.0651541428175821
rs60420596	0.830874818983504
rs2090888	0.743989215046663
rs4946962	0.207195822948069
rs73526140	0.778433251456319
rs9400276	0.104700607900384
rs75500100	0.626170662096701
rs1832778	0.47308439699146
rs1832777	0.0662562813773284
rs13195500	0.117708034359995
rs76525991	0.338568887692448
rs12191774	0.281621863209255
rs143326276	0.00610661351633707
rs191837171	0.338568887692448
rs61747724	0.338568887692448
rs2066278	0.338568887692448
rs13202939	0.102239219115766
rs34217072	0.072184645209872
rs34534633	0.102239219115766
rs4301336	0.102239219115766
rs77831452	0.463731740843618
rs12200757	0.347179895027832
rs76994318	0.786170360417424
rs117950842	0.3310527198312
rs2140034	0.269900890783456
rs113627537	0.166587618470076
rs12215954	0.859263224294396
rs6923468	0.143077035629249
rs13220304	0.933110080460361
rs75036844	0.00364228784323423
rs11153170	0.0248211095031114
rs9480930	0.237170148930325
rs113082485	0.0420178425266609
rs56166063	0.198169810210723
rs11153171	0.97363546249313
rs12529733	0.25993413289837
rs12524502	0.919526151235101
rs17533587	0.990386791845349
rs9386799	0.553995735763864
rs61426096	0.29909790239863
rs149135167	0.767061092055892
rs72933289	0.48845909530068
rs12208474	0.55237826583798
rs752727	0.228357710467158
rs77862432	0.96116216154039
rs12211964	0.546941932130285
rs56211936	0.228357710467158
rs10080925	0.0033078493645257
rs12528712	0.856783508414662
rs144735076	0.00739715324960857
rs12528822	0.661161583135993
rs73766318	0.574931720938234
rs73766319	0.229888942721186
rs200079653	0.392443390148774
rs1146240	0.659878391027805
rs117913016	0.954005482320875
rs58605725	0.29909790239863
rs78808987	0.282018506187894
rs17599568	0.883146113953242
rs56227394	0.29909790239863
rs143975446	0.0112996219519034
rs10457190	0.679586440230166
rs10457191	0.444715576611877
rs9480932	0.609394318212013
rs17070494	0.767061092055892
rs9487064	0.22190464447626
rs74516763	0.444715576611877
rs2275650	0.618389418155095
rs77661380	0.835052783142116
rs3818934	0.618389418155095
rs73762703	0.294851340130664
rs117326804	0.307001000816804
rs9487066	0.22190464447626
rs75340822	0.767061092055892
rs79912267	0.419164848844776
rs76290206	0.198814350184099
rs117544795	0.767061092055892
rs150070186	0.444715576611877
rs9487067	0.311089213253642
rs9480933	0.483121076116573
rs145610567	0.781652932271182
rs9487068	0.956486657787722
rs62436102	0.186653668051262
rs9480934	0.00757148476490815
rs9480935	0.00405854666515307
rs13203252	0.866401555306621
rs1885690	0.34585701190151
rs118016453	0.883146113953242
rs34292461	0.721925136375568
rs1040284	0.618389418155095
rs11153174	0.618389418155095
rs28575685	0.602731498156931
rs28571794	0.117826935169627
rs34202013	0.618389418155095
rs150804322	0.48807495191301
rs190518015	0.781951025830984
rs11967108	0.618389418155095
rs2884037	0.356088437283897
rs1521907	0.34585701190151
rs3216032	0.00757148476490815
rs10872032	0.678344320681424
rs71735020	0.00274557457217265
rs73762704	0.117826935169627
rs75963833	0.781951025830984
rs4946967	0.260382988946264
rs6936036	0.311089213253642
rs4946968	0.00274557457217265
rs12206928	0.618389418155095
rs147325777	0.70265806585786
rs9480936	0.412342224130982
rs150547298	0.141763318463231
rs9480937	0.0115644271181519
rs9487069	0.260382988946264
rs75352535	0.762627549195048
rs67857472	0.856783508414662
rs1590306	0.618389418155095
rs1074766	0.387827614600266
rs1074765	0.387827614600266
rs11757877	0.856783508414662
rs9487070	0.387827614600266
rs11153175	0.618389418155095
rs73762708	0.311089213253642
rs9487071	0.0115644271181519
rs9400279	0.419164848844776
rs9487072	0.311089213253642
rs113045694	0.424961545501781
rs9480938	0.0115644271181519
rs58644322	0.375526248460401
rs79845581	0.0129430846298665
rs78937385	0.159638881602734
rs35256738	0.618389418155095
rs140355984	0.00274557457217265
rs139196314	0.311089213253642
rs145572895	0.636016071644176
rs77449642	0.444715576611877
rs4946969	0.0129430846298665
rs61233650	0.856783508414662
rs13437492	0.0122434929787822
rs2177092	0.0122434929787822
rs79367355	0.424961545501781
rs73762709	0.117826935169627
rs111388243	0.0821587233292081
rs7372	0.618389418155095
rs8465	0.387827614600266
rs699700	0.257589217093623
rs974034	0.387827614600266
rs9487074	0.00274557457217265
rs9487075	0.311089213253642
rs11251	0.226904704852163
rs117030454	0.0253666477796543
rs67591932	0.618389418155095
rs73527205	0.22277308202607
rs1322818	0.732039098570191
rs2275649	0.0122434929787822
rs3831331	0.0129430846298665
rs3818933	0.387827614600266
rs9372213	0.632642755710161
rs11153176	0.679295379044511
rs9487076	0.387827614600266
rs12193493	0.679295379044511
rs7752137	0.0458518721065203
rs3799835	0.866401555306621
rs199810425	0.256745501980534
rs67494326	0.679295379044511
rs11753645	0.856783508414662
rs9487077	0.0115644271181519
rs9487078	0.0115644271181519
rs3778474	0.226904704852163
rs3778475	0.679295379044511
rs1853330	0.369688526927769
rs34131679	0.892801311391656
rs145666240	0.380127581820554
rs117668371	0.773300324988827
rs9480942	0.0557803172496946
rs1407620	0.0781951332059466
rs35452836	0.838189733165926
rs77504265	0.830612219314815
rs2275651	0.419164848844776
rs184250584	0.738851916408119
rs1358998	0.644246107234286
rs868138586	0.0738052851504955
rs761269710	0.270420859879424
rs73762713	0.0738052851504955
rs1358997	0.644246107234286
rs3799839	0.644246107234286
rs3799840	0.820016249663018
rs73762715	0.0738052851504955
rs79834320	0.0458518721065203
rs12208785	0.453583388867464
rs35157356	0.588774010627452
rs11963133	0.693816821418694
rs77498953	0.456105648431116
rs4313033	0.00767481796414589
rs1885691	0.424496387426252
rs2275652	0.820016249663018
rs1322816	0.588774010627452
rs1322815	0.564726636950535
rs115705232	0.159638881602734
rs3757229	0.00296354503441032
rs17070554	0.00296354503441032
rs3757230	0.424496387426252
rs3757231	0.424496387426252
rs3757232	0.0113014396537602
rs74612831	0.0148526867069984
rs2211288	0.424496387426252
rs141106302	0.213612608303921
rs13212766	0.647960560360599
rs1271145	0.408109375055686
rs12214463	0.454962169639166
rs4946970	0.424496387426252
rs3757234	0.647960560360599
rs150831155	0.454962169639166
rs117965739	0.645187203483649
rs115365771	0.454962169639166
rs200330297	0.0326160281679906
rs1998411	0.00296354503441032
rs1998410	0.00296354503441032
rs1923725	0.647960560360599
rs13199519	0.820016249663018
rs12524639	0.647960560360599
rs9487082	0.013246600558559
rs78479732	0.48807495191301
rs6939953	0.424496387426252
rs58535912	0.480789877269861
rs3757235	0.424496387426252
rs3757236	0.0148526867069984
rs13219952	0.258466320959112
rs113844482	0.117826935169627
rs140776093	0.645187203483649
rs746794	0.425477678613238
rs73762717	0.480789877269861
rs736830	0.424496387426252
rs75105987	0.307001000816804
rs3054660	0.424496387426252
rs75527655	0.00296354503441032
rs540413766	0.636016071644176
rs73531320	0.22277308202607
rs148526824	0.748344977917042
rs730089	0.463060928690142
rs77031799	0.48807495191301
rs9487083	0.013246600558559
rs6904271	0.480789877269861
rs115964399	0.454962169639166
rs12524273	0.596572271470354
rs9487084	0.463060928690142
rs9487085	0.391992213861514
rs77594800	0.0148526867069984
rs77484127	0.580772182975577
rs140963864	0.699976189027173
rs9480947	0.386711690671259
rs35148383	0.836277376838702
rs6922897	0.480789877269861
rs116647873	0.0145736122016402
rs73762719	0.698133824894625
rs6929023	0.641990499676414
rs6929208	0.883339598015054
rs6929106	0.190465493457101
rs140993889	0.540808449131855
rs4946971	0.013246600558559
rs75831958	0.740515206755333
rs4946972	0.00296354503441032
rs144940096	0.693816821418694
rs9487087	0.00296354503441032
rs138832079	0.00296354503441032
rs6937096	0.386711690671259
rs10691068	0.386711690671259
rs147007870	0.00296354503441032
rs6914216	0.263817404064637
rs6920372	0.386711690671259
rs141831583	0.364074512933091
rs6920962	0.522760987252263
rs9320286	0.386711690671259
rs13192476	0.883339598015054
rs80187885	0.566107282462195
rs79097132	0.00296354503441032
rs7754650	0.263817404064637
rs57919077	0.600847441309867
rs112602224	0.0420178425266609
rs7773095	0.641990499676414
rs74766994	0.453583388867464
rs9480948	0.759082571671796
rs9480949	0.209049509847317
rs4361645	0.190465493457101
rs6907946	0.125631033119974
rs9487091	0.378083552104866
rs7751929	0.453583388867464
rs4428538	0.746053033407293
rs4636056	0.386711690671259
rs74433689	0.548573625636695
rs113402310	0.295013319781443
rs7756374	0.206308476042561
rs36099706	0.921594009488391
rs12197114	0.641990499676414
rs59233903	0.890756729618398
rs57456332	0.890756729618398
rs13195517	0.894213588047798
rs35056702	0.712536010853056
rs112225966	0.762627549195048
rs36035949	0.628434683040061
rs6937229	0.886416514145322
rs10080429	0.739874011835528
rs12528566	0.883339598015054
rs77818161	0.577305879450542
rs17070580	0.739874011835528
rs9480953	0.739874011835528
rs17534632	0.77558011905659
rs79946867	0.577305879450542
rs144188039	0.0137746607857091
rs59597139	0.386711690671259
rs9487094	0.739874011835528
rs9885646	0.689218647925707
rs141451308	0.167995834074387
rs9487095	0.736250811201414
rs9487097	0.736250811201414
rs9487098	0.739874011835528
rs9386805	0.419164848844776
rs62436106	0.883001102181367
rs11153180	0.641990499676414
rs75126488	0.0511460378309946
rs9480954	0.0173843648580514
rs9480955	0.739874011835528
rs78808549	0.0395336727902893
rs9320287	0.739874011835528
rs9487099	0.0194849076858088
rs7768973	0.365294099523561
rs7748669	0.116693427574482
rs9480956	0.386711690671259
rs17070590	0.0173843648580514
rs147075716	0.576945200781497
rs10782161	0.641990499676414
rs10872033	0.386711690671259
rs12200586	0.756464426730158
rs12214147	0.386711690671259
rs12200776	0.453583388867464
rs17070591	0.386711690671259
rs12204742	0.453583388867464
rs61318425	0.883339598015054
rs7751582	0.386711690671259
rs187248141	0.365862458364187
rs117202316	0.861891727901298
rs11153181	0.641990499676414
rs9487100	0.880204458922579
rs9487103	0.386711690671259
rs9480957	0.880204458922579
rs151316962	0.453583388867464
rs113598036	0.62351892956998
rs9398200	0.419164848844776
rs80261485	0.781951025830984
rs57767615	0.129974578388198
rs9480958	0.43346344336978
rs74939699	0.453583388867464
rs140224320	0.936269942978688
rs6907769	0.316977496299592
rs9487109	0.0173843648580514
rs12213313	0.814835592835928
rs3757237	0.316351870368578
rs140766766	0.256745501980534
rs3757238	0.883339598015054
rs3757239	0.453583388867464
rs59906308	0.68881381141401
rs12190158	0.453583388867464
rs60129681	0.167995834074387
rs72937214	0.667791501001679
rs4945831	0.403030026004233
rs140277965	0.445365555153619
rs150353891	0.737931532328211
rs186985241	0.454252021589656
rs1048203	0.703329856380469
rs1048197	0.54257589706049
rs749621	0.0537750434275031
rs186439077	0.610174314205836
rs35969918	0.883339598015054
rs35444917	0.316351870368578
rs1476386	0.0149919231521004
rs1476387	0.388496645956322
rs142982624	0.0948646078180906
rs2146411	0.0676544503036873
rs2236582	0.703329856380469
rs61303854	0.167995834074387
rs41288550	0.379329103567799
rs6149743	0.549631737825431
rs9480959	0.010436744242619
rs41288556	0.883001102181367
rs9320288	0.688437739390356
rs59056467	0.651127028317232
rs910730	0.423016084461825
rs41288560	0.030182229937608
rs73762724	0.0833899096194693
rs72092669	0.733125897986799
rs112253065	0.206308476042561
rs752260	0.0553575077338301
rs752261	0.196753234027728
rs752262	0.643304075940241
rs947216	0.879911487636777
rs61731700	0.55648217492466
rs9374089	0.354623689223766
rs148589234	0.11964541952327
rs7769789	0.358420046858522
rs72937217	0.257449993619248
rs4946976	0.408495691822735
rs1546980	0.677801774543546
rs112593035	0.655355777265039
rs4946977	0.0586068009261868
rs2277113	0.423718869849283
rs1322814	0.82583514611202
rs3778477	0.591731118107403
rs149955686	0.154458566066314
rs141198889	0.524330093587861
rs71558370	0.717899806204118
rs117663805	0.0166408471618829
rs183999492	0.801780738550498
rs73762749	0.304114898781297
rs7764669	0.0948646078180906
rs77974448	0.524330093587861
rs60085238	0.0833899096194693
rs61141882	0.0833899096194693
rs115099294	0.0168347559014521
rs12524916	0.313900365688433
rs12208204	0.453583388867464
rs9398202	0.73837004661058
rs9480962	0.0168347559014521
rs73762754	0.0833899096194693
rs3054664	0.42673289274735
rs115222437	0.61705458079267
rs192293707	0.738851916408119
rs113856294	0.0833899096194693
rs73762755	0.135913110016138
rs1046943	0.42673289274735
rs28655743	0.0511460378309946
rs150740268	0.434673677224072
rs6939548	0.446370228142745
rs9487119	0.0218051333936508
rs41288566	0.879911487636777
rs12209691	0.663109592664841
rs3734652	0.446370228142745
rs2232450	0.879911487636777
rs2232449	0.254494506832894
rs2232448	0.0945090394503565
rs73520933	0.327530277706605
rs141797606	0.972842847854836
rs2232446	0.609273897099639
rs6921167	0.0948646078180906
rs2273896	0.321524496706921
rs147741070	0.19504228642219
rs3807005	0.726385632488565
rs6900926	0.19504228642219
rs3778478	0.446370228142745
rs9791241	0.446370228142745
rs17070632	0.716004007181336
rs3799842	0.550905014756801
rs6568576	0.125502905085352
rs12203098	0.453583388867464
rs9386807	0.419164848844776
rs58630019	0.083505436868405
rs181147301	0.847227763049303
rs147721331	0.636016071644176
rs2236084	0.559857256512189
rs117524799	0.636016071644176
rs117893130	0.303583212022922
rs2232441	0.019634158600581
rs35146243	0.559857256512189
rs115090220	0.144453125321329
rs6905490	0.0607481439994066
rs9487124	0.019634158600581
rs116785833	0.144453125321329
rs9480965	0.0218051333936508
rs28635303	0.019634158600581
rs111371383	0.716004007181336
rs6911838	0.795176233621758
rs796198133	0.0468719472912683
rs12190920	0.694597071887032
rs34533653	0.691438647890588
rs116387568	0.144453125321329
rs12190996	0.694597071887032
rs9487125	0.115181682963684
rs74722211	0.0137572507903628
rs12192847	0.694597071887032
rs76933246	0.0397790681438394
rs2227263	0.313900365688433
rs68042406	0.812232126476388
rs13437139	0.0174313825987491
rs867101496	0.0801533862849384
rs74383532	0.125184982598434
rs67142735	0.812232126476388
rs4946979	0.0256813359665265
rs10782162	0.812232126476388
rs78471172	0.496228562460766
rs10872034	0.708129272071989
rs115547296	0.640297750577808
rs4296926	0.0319046101538234
rs60847883	0.125184982598434
rs35712340	0.979763254133439
rs144754932	0.496228562460766
rs139694522	0.988362772270364
rs7771729	0.0626204431760298
rs9400286	0.354623689223766
rs78281523	0.676138286380569
rs76506647	0.676138286380569
rs75706156	0.789881915926866
rs76777696	0.637633295032084
rs1998811	0.207713751569611
rs6920712	0.547920021696328
rs11965423	0.125184982598434
rs115281711	0.125184982598434
rs41439948	0.586492115114982
rs6926096	0.304739420470775
rs6906216	0.304739420470775
rs9400287	0.466191115593748
rs75472440	0.125184982598434
rs12192070	0.756464426730158
rs9487126	0.4437797295023
rs17602109	0.0232509960625997
rs1054607	0.538143377206007
rs41288568	0.0397790681438394
rs7755941	0.194307009830395
rs7773950	0.245918260372214
rs73520961	0.361559822453348
rs114762741	0.125184982598434
rs139635014	0.0216382522678908
rs35011027	0.245918260372214
rs141142543	0.23521700907436
rs1406899	0.194307009830395
rs138293003	0.911856591836952
rs116731482	0.4437797295023
rs11153183	0.245918260372214
rs75606983	0.361559822453348
rs11754455	0.194307009830395
rs73520964	0.361559822453348
rs2024849	0.194307009830395
rs2024850	0.194307009830395
rs9487128	0.169025294948587
rs75512843	0.0527535490967724
rs2024852	0.245918260372214
rs2024853	0.194307009830395
rs77521657	0.534253685748326
rs11967927	0.125184982598434
rs13203587	0.245918260372214
rs145655884	0.724961390390146
rs80001896	0.710682868315393
rs12197180	0.194307009830395
rs56812929	0.125184982598434
rs141301445	0.4437797295023
rs66970728	0.245918260372214
rs12212476	0.245918260372214
rs12198938	0.245918260372214
rs12192774	0.618092397767849
rs12199154	0.229175424667395
rs114447744	0.125184982598434
rs9487129	0.169025294948587
rs1406898	0.911856591836952
rs73520978	0.361559822453348
rs73520979	0.361559822453348
rs13220915	0.245918260372214
rs116273384	0.89857726800686
rs9487130	0.534253685748326
rs77680337	0.0186665957379905
rs9487131	0.402009632359235
rs146543364	0.67207834578757
rs1853030	0.373642665326924
rs118069175	0.256745501980534
rs78178338	0.0216382522678908
rs7766769	0.361559822453348
rs9487132	0.382195702603395
rs115666311	0.125184982598434
rs2277114	0.191250598511056
rs146913582	0.748344977917042
rs10457192	0.245918260372214
rs10457193	0.194307009830395
rs10457194	0.194307009830395
rs17070656	0.834039627840506
rs111327645	0.66197586655434
rs60640103	0.834039627840506
rs61560670	0.125184982598434
rs78857381	0.618092397767849
rs6911851	0.0319046101538234
rs6912368	0.0319046101538234
rs41288570	0.293132812471402
rs12194431	0.566968157726086
rs9487133	0.402691949468517
rs6568578	0.39597906315452
rs62436111	0.0397790681438394
rs60907467	0.361559822453348
rs9766863	0.382195702603395
rs58908708	0.125184982598434
rs9386809	0.382195702603395
rs9320289	0.834039627840506
rs115221527	0.125184982598434
rs141053345	0.566968157726086
rs76779071	0.361559822453348
rs6915268	0.382195702603395
rs117309199	0.89857726800686
rs6568579	0.0319046101538234
rs59422755	0.125184982598434
rs139369552	0.911856591836952
rs73520996	0.361559822453348
rs2884063	0.382195702603395
rs72939262	0.424376469503947
rs67924537	0.621765382433377
rs115961468	0.125184982598434
rs78180305	0.125184982598434
rs60108304	0.911856591836952
rs114507484	0.125184982598434
rs150078049	0.576945200781497
rs17070666	0.911856591836952
rs73521000	0.361559822453348
rs10872035	0.0304118958565921
rs7773915	0.0258261786879432
rs9400288	0.0443137576795815
rs115782630	0.125184982598434
rs114363748	0.125184982598434
rs17608956	0.877529181741395
rs9320290	0.0329887937318123
rs1321206	0.566968157726086
rs9480969	0.691469823923223
rs76572800	0.89857726800686
rs17070673	0.566968157726086
rs9386810	0.834039627840506
rs1476388	0.242004044479858
rs1590186	0.0232509960625997
rs1590187	0.091245906785358
rs10872036	0.610759530749134
rs114273222	0.0346839754044715
rs9487134	0.190465493457101
rs144550190	0.091245906785358
rs9320292	0.834039627840506
rs58831917	0.091245906785358
rs9386811	0.5564850196721
rs115790163	0.911856591836952
rs59550285	0.125184982598434
rs1321207	0.402691949468517
rs1321208	0.5564850196721
rs67216204	0.245918260372214
rs77339217	0.0708657204271141
rs146471233	0.256745501980534
rs1358759	0.091245906785358
rs1925921	0.0319046101538234
rs10872037	0.610759530749134
rs10872038	0.610759530749134
rs9487135	0.5564850196721
rs9480971	0.5564850196721
rs4946982	0.0319046101538234
rs9400289	0.100708272282861
rs117406559	0.781951025830984
rs34928881	0.245918260372214
rs9374092	0.091245906785358
rs9487136	0.443679658453062
rs58806629	0.125184982598434
rs77719008	0.0216382522678908
rs6568580	0.091245906785358
rs148271752	0.0210852507410035
rs761425929	0.444739008902586
rs117403840	0.911856591836952
rs1985123	0.091245906785358
rs6916579	0.812232126476388
rs11969939	0.0147154129053157
rs114785270	0.911856591836952
rs143176119	0.503683574402294
rs749517	0.245918260372214
rs942924	0.091245906785358
rs1998812	0.091245906785358
rs942923	0.091245906785358
rs67126213	0.5564850196721
rs10782163	0.245918260372214
rs72939275	0.581015208620253
rs17070692	0.89857726800686
rs62436119	0.029987437262941
rs7775420	0.0280587341265114
rs9384710	0.111400584637658
rs143133850	0.0147154129053157
rs9374093	0.0319046101538234
rs7450225	0.091245906785358
rs143316869	0.5564850196721
rs150216967	0.0147154129053157
rs138813804	0.0216382522678908
rs9400290	0.091245906785358
rs144710457	0.979338284346477
rs148570357	0.853618608069587
rs141943576	0.853618608069587
rs12209502	0.5564850196721
rs199742347	0.89857726800686
rs11965743	0.125184982598434
rs4946984	0.107470348104535
rs149957055	0.911856591836952
rs9384711	0.5564850196721
rs11153186	0.5564850196721
rs138887049	0.840297025239545
rs143239387	0.911856591836952
rs148317318	0.154458566066314
rs9398204	0.091245906785358
rs138397233	0.882995894508997
rs6920292	0.303954430569998
rs13201947	0.268352014398979
rs13201951	0.268352014398979
rs9487138	0.091245906785358
rs9487139	0.111400584637658
rs9374094	0.0311273333200323
rs9320293	0.567801370863617
rs9320294	0.091245906785358
rs9320295	0.091245906785358
rs9320296	0.091245906785358
rs11963483	0.0147154129053157
rs7766766	0.091245906785358
rs10080533	0.834039627840506
rs9386812	0.106955789250804
rs9400291	0.091245906785358
rs2064820	0.091245906785358
rs114365534	0.125184982598434
rs9487141	0.091245906785358
rs9480972	0.5564850196721
rs139561360	0.911856591836952
rs9398205	0.834039627840506
rs2357123	0.091245906785358
rs2064821	0.581417288325251
rs2064822	0.0252968117838667
rs117710639	0.0216382522678908
rs17609484	0.635848946138426
rs12194061	0.245918260372214
rs9374095	0.091245906785358
rs9487143	0.883389238731798
rs17070705	0.911856591836952
rs187228232	0.2410879586347
rs9480973	0.091245906785358
rs9480974	0.091245906785358
rs57996937	0.911856591836952
rs75416030	0.354623689223766
rs9374096	0.0319046101538234
rs114886686	0.125184982598434
rs11968891	0.740359466134401
rs115339189	0.125184982598434
rs9374097	0.091245906785358
rs9386813	0.091245906785358
rs11966009	0.091245906785358
rs9400292	0.5564850196721
rs9400293	0.0900849439440109
rs9400294	0.091245906785358
rs9384712	0.5564850196721
rs2357124	0.245918260372214
rs146913593	0.89857726800686
rs57533540	0.0147154129053157
rs117204953	0.303583212022922
rs9400295	0.091245906785358
rs116440087	0.125184982598434
rs115903483	0.89857726800686
rs6938741	0.0252968117838667
rs146045026	0.911856591836952
rs4946985	0.567801370863617
rs9480976	0.091245906785358
rs11968736	0.0147154129053157
rs114311288	0.846984635210905
rs144920997	0.0216382522678908
rs10434873	0.88336262733493
rs9487148	0.091245906785358
rs10872041	0.091245906785358
rs35721210	0.412591336938648
rs117171356	0.0216382522678908
rs79454665	0.313900365688433
rs4946986	0.091245906785358
rs9374098	0.091245906785358
rs9374099	0.091245906785358
rs9386814	0.0319046101538234
rs145340136	0.0216382522678908
rs6925886	0.0519048562506753
rs9400298	0.610759530749134
rs1303981	0.834039627840506
rs9384713	0.091245906785358
rs11153188	0.245918260372214
rs117283053	0.877529181741395
rs4946987	0.091245906785358
rs9386815	0.433016304315281
rs58273806	0.911856591836952
rs6938499	0.111400584637658
rs6917999	0.091245906785358
rs150061410	0.0147154129053157
rs6910388	0.091245906785358
rs11505167	0.88336262733493
rs7768577	0.834039627840506
rs9384715	0.091245906785358
rs9400299	0.354623689223766
rs6568582	0.0252968117838667
rs9386816	0.091245906785358
rs6917713	0.834039627840506
rs9374102	0.091245906785358
rs9374103	0.091245906785358
rs9400300	0.0319046101538234
rs9487152	0.091245906785358
rs9487153	0.091245906785358
rs12216333	0.967162632489638
rs77047606	0.911856591836952
rs12191099	0.567801370863617
rs80129428	0.0948646078180906
rs6929823	0.0245357364514805
rs10499052	0.608783068086165
rs7753224	0.111590789839226
rs11752791	0.245918260372214
rs143388371	0.812232126476388
rs7757895	0.567801370863617
rs10872047	0.111400584637658
rs752477568	0.0411164735393582
rs1570011	0.0311273333200323
rs9374104	0.433016304315281
rs9320299	0.091245906785358
rs9320300	0.048483946649271
rs138981689	0.911856591836952
rs142224452	0.911856591836952
rs4435980	0.091245906785358
rs4607459	0.091245906785358
rs4521622	0.091245906785358
rs76064292	0.091245906785358
rs11153192	0.111400584637658
rs77442515	0.107051838222119
rs4945833	0.245918260372214
rs12194326	0.579993226124671
rs142185539	0.0216382522678908
rs145856925	0.125184982598434
rs138329078	0.610759530749134
rs13191066	0.245918260372214
rs9487156	0.091245906785358
rs17070733	0.911856591836952
rs114552300	0.125184982598434
rs1570012	0.091245906785358
rs9374105	0.5564850196721
rs4490694	0.245918260372214
rs9398206	0.0311273333200323
rs9374106	0.402261317469688
rs9320301	0.567801370863617
rs4946989	0.091245906785358
rs4946990	0.5564850196721
rs77238423	0.125184982598434
rs13214717	0.962749985834247
rs147392982	0.087643508366606
rs12175588	0.5564850196721
rs10457201	0.091245906785358
rs9386817	0.997779805087434
rs9372216	0.091245906785358
rs9384716	0.111400584637658
rs11153194	0.087643508366606
rs141998804	0.0919321553366651
rs4429979	0.091245906785358
rs144127982	0.911856591836952
rs36149300	0.53173090257134
rs11153195	0.0363712651614873
rs142688958	0.0216382522678908
rs2357125	0.091245906785358
rs116551493	0.911856591836952
rs113371809	0.143347661873639
rs140618720	0.515948612823274
rs6149744	0.087892935604777
rs79466979	0.48807495191301
rs5879031	0.091245906785358
rs2357127	0.0319046101538234
rs1998813	0.0216382522678908
rs9320303	0.0626204431760298
rs375072619	0.0194405663356374
rs74815211	0.125184982598434
rs1474959	0.111400584637658
rs9386818	0.091245906785358
rs201925080	0.252287739923222
rs6931630	0.0626204431760298
rs6932271	0.88336262733493
rs2208209	0.812232126476388
rs2208210	0.087643508366606
rs9320304	0.111400584637658
rs9480980	0.5564850196721
rs12208933	0.812232126476388
rs62436145	0.988038146859259
rs9384717	0.087643508366606
rs79374028	0.89857726800686
rs1967725	0.091245906785358
rs116186377	0.125184982598434
rs78695888	0.89857726800686
rs9386819	0.567801370863617
rs17070740	0.720080921738848
rs11754340	0.245918260372214
rs71770197	0.195728444986062
rs17070743	0.911856591836952
rs56021725	0.444739008902586
rs55716480	0.310833724771346
rs76223311	0.911856591836952
rs148007941	0.392443390148774
rs11755641	0.245918260372214
rs9320305	0.111400584637658
rs114348138	0.89857726800686
rs115392394	0.911856591836952
rs9386820	0.090814979799602
rs9400301	0.111400584637658
rs13199135	0.245918260372214
rs2357128	0.087643508366606
rs12193719	0.245918260372214
rs1115977	0.091245906785358
rs1115978	0.5564850196721
rs9487160	0.091245906785358
rs7749386	0.091245906785358
rs11153196	0.610759530749134
rs141264341	0.890652263047214
rs6568583	0.0319046101538234
rs7754118	0.091245906785358
rs7754606	0.091245906785358
rs75398999	0.313900365688433
rs9374108	0.091245906785358
rs9487161	0.5564850196721
rs1960325	0.245918260372214
rs141787950	0.154458566066314
rs2148089	0.812232126476388
rs4945834	0.5564850196721
rs71018352	0.091245906785358
rs75106685	0.911856591836952
rs140043017	0.911856591836952
rs145556740	0.89857726800686
rs147737409	0.125184982598434
rs9400302	0.433016304315281
rs4591898	0.0860491056514053
rs114873013	0.125184982598434
rs7775414	0.5564850196721
rs149530825	0.0216382522678908
rs143211844	0.0216382522678908
rs2357129	0.087643508366606
rs140000417	0.456514881460487
rs11153197	0.0860491056514053
rs6927075	0.783822380769196
rs61671496	0.911856591836952
rs9487164	0.0860491056514053
rs12205941	0.614633740004596
rs190400967	0.870348670265236
rs187609692	0.870348670265236
rs9400304	0.0860491056514053
rs12200787	0.0321164920085045
rs13215994	0.608783068086165
rs12208018	0.235638639220927
rs9480982	0.0860491056514053
rs12209401	0.548746165336808
rs144310092	0.911856591836952
rs144030755	0.029555367510957
rs377403400	0.0192419253490804
rs538044110	0.230821320627253
rs199556160	0.857205081110206
rs80175967	0.79177655403924
rs4945835	0.082731224927059
rs4946991	0.0860491056514053
rs144545417	0.911856591836952
rs545585927	0.125184982598434
rs565449980	0.125184982598434
rs150916532	0.0860491056514053
rs7454678	0.0860491056514053
rs7454802	0.0192419253490804
rs7454858	0.0860491056514053
rs141420066	0.697069336841416
rs142369595	0.125184982598434
rs149396080	0.12329460945819
rs12203481	0.614633740004596
rs138438235	0.0253308976982463
rs143057986	0.89857726800686
rs146166167	0.717437397875255
rs141631868	0.125184982598434
rs150529304	0.911856591836952
rs4501459	0.22277308202607
rs12205485	0.235638639220927
rs9487168	0.0860491056514053
rs9487169	0.0983474430336339
rs28823411	0.46807700680156
rs145139226	0.636016071644176
rs114959225	0.014791043751467
rs7757153	0.5564850196721
rs2093097	0.0477789571309011
rs148618657	0.0948646078180906
rs141200987	0.820822560782597
rs1969710	0.0860491056514053
rs1969711	0.0860491056514053
rs117377901	0.310833724771346
rs73519228	0.22277308202607
rs34438610	0.0860491056514053
rs116523641	0.125184982598434
rs59203807	0.911856591836952
rs9386822	0.567801370863617
rs114365016	0.125184982598434
rs114803250	0.125184982598434
rs9398210	0.5564850196721
rs7453835	0.0860491056514053
rs12524352	0.0860491056514053
rs59626863	0.911856591836952
rs4946992	0.0860491056514053
rs9386823	0.0860491056514053
rs9386824	0.029555367510957
rs117276793	0.724961390390146
rs4523125	0.0860491056514053
rs13205254	0.426692441018095
rs138375710	0.97301690641956
rs12528781	0.245723922411564
rs80064564	0.89857726800686
rs116985318	0.503683574402294
rs56107923	0.0192419253490804
rs61327523	0.911856591836952
rs9386825	0.029555367510957
rs150229013	0.353534221482895
rs759646549	0.353534221482895
rs59618833	0.125184982598434
rs117657261	0.686303855650335
rs6914498	0.924799764860173
rs117314583	0.567687205920609
rs76994278	0.643753538616493
rs1321327	0.0860491056514053
rs117169550	0.635848946138426
rs75714660	0.911856591836952
rs55895756	0.0192419253490804
rs75733561	0.89857726800686
rs6925005	0.783822380769196
rs9487170	0.0860491056514053
rs5879033	0.0319046101538234
rs6932774	0.0319046101538234
rs9487171	0.0860491056514053
rs118143166	0.911856591836952
rs1406955	0.5564850196721
rs35999714	0.10532258021039
rs13204102	0.812232126476388
rs78056477	0.812232126476388
rs79719650	0.0216382522678908
rs13204787	0.608783068086165
rs78955211	0.0192419253490804
rs1980591	0.235638639220927
rs114844875	0.125184982598434
rs5879034	0.0860491056514053
rs10499053	0.812232126476388
rs11968297	0.125184982598434
rs9986507	0.10532258021039
rs77288306	0.392443390148774
rs6922784	0.0770811601090412
rs1570013	0.10532258021039
rs1923057	0.567801370863617
rs9487172	0.0860491056514053
rs9372220	0.0252968117838667
rs77473837	0.911856591836952
rs12529505	0.740359466134401
rs9386826	0.0860491056514053
rs9487173	0.22277308202607
rs72561599	0.0860491056514053
rs79169320	0.911856591836952
rs78368784	0.636016071644176
rs1575108	0.082731224927059
rs1575109	0.0860491056514053
rs9384719	0.610759530749134
rs11966371	0.0147154129053157
rs6568586	0.122677728431733
rs79943725	0.972842847854836
rs9372221	0.0860491056514053
rs11962218	0.125184982598434
rs35843846	0.10532258021039
rs9487175	0.0860491056514053
rs6568587	0.783822380769196
rs761548973	0.4690160020351
rs11758651	0.235638639220927
rs144846244	0.125184982598434
rs9487176	0.0860491056514053
rs9372222	0.0860491056514053
rs9480984	0.0860491056514053
rs6921303	0.0252968117838667
rs11153200	0.0860491056514053
rs12215867	0.0860491056514053
rs57181024	0.89857726800686
rs79061472	0.89857726800686
rs1406957	0.0860491056514053
rs9374111	0.5564850196721
rs11153201	0.0860491056514053
rs9386828	0.5564850196721
rs74342038	0.911856591836952
rs12192776	0.245723922411564
rs2145145	0.610759530749134
rs78941670	0.143347661873639
rs61374793	0.911856591836952
rs13201430	0.237559112414455
rs7761008	0.082274755437313
rs116927370	0.168008220955708
rs729888	0.226580467675858
rs9374112	0.5564850196721
rs9398212	0.5564850196721
rs9487178	0.082274755437313
rs9480985	0.10078595827723
rs9386829	0.5564850196721
rs116068788	0.125184982598434
rs114958319	0.125184982598434
rs146343512	0.911856591836952
rs9487179	0.0281005734207125
rs147494687	0.924133275520175
rs12200925	0.618092397767849
rs141945221	0.783822380769196
rs61522207	0.911856591836952
rs12194157	0.226580467675858
rs4946995	0.0240865791794539
rs4946996	0.0281005734207125
rs4946997	0.0303936641876059
rs4946998	0.0240865791794539
rs374314795	0.0216382522678908
rs13204500	0.932533455780656
rs9487180	0.10078595827723
rs10872051	0.082274755437313
rs117576820	0.0216382522678908
rs7744981	0.082274755437313
rs7765265	0.082274755437313
rs115888147	0.0147154129053157
rs7745469	0.082274755437313
rs12197950	0.226580467675858
rs7749910	0.082274755437313
rs10872052	0.0860491056514053
rs7356790	0.783822380769196
rs9400310	0.082274755437313
rs13191995	0.762508292404977
rs4946999	0.082274755437313
rs113514802	0.768037434394509
rs2884101	0.082274755437313
rs2357130	0.082274755437313
rs3060801	0.082274755437313
rs12205140	0.226580467675858
rs13195462	0.629608207123029
rs7767525	0.226580467675858
rs4454170	0.0281005734207125
rs4454171	0.911856591836952
rs141678576	0.89857726800686
rs7772625	0.0240865791794539
rs9487181	0.5564850196721
rs9480986	0.082274755437313
rs9480987	0.082274755437313
rs139748445	0.911856591836952
rs36131450	0.226580467675858
rs191052963	0.0192419253490804
rs9487182	0.5564850196721
rs201836377	0.565237381291639
rs201937027	0.0192419253490804
rs7740192	0.783822380769196
rs200288577	0.125184982598434
rs4947002	0.0303936641876059
rs7745406	0.082274755437313
rs370934041	0.89857726800686
rs7745715	0.0857730346435586
rs7765908	0.0857730346435586
rs142237056	0.99006975941984
rs9480988	0.5564850196721
rs74946588	0.082274755437313
rs76748245	0.0725967242674583
rs201772342	0.082362480795888
rs7453405	0.0224217767161141
rs149776144	0.417778174453646
rs12211987	0.082274755437313
rs12663674	0.082274755437313
rs9386833	0.783822380769196
rs4308601	0.0948646078180906
rs9487183	0.0281005734207125
rs13199088	0.762508292404977
rs138683124	0.911856591836952
rs13199109	0.226580467675858
rs7753555	0.935332541543188
rs200109360	0.582859844375077
rs71541003	0.226580467675858
rs144106648	0.0147154129053157
rs11968485	0.0860491056514053
rs62435962	0.548746165336808
rs9986423	0.0860491056514053
rs148615238	0.10532258021039
rs7744378	0.274137633966373
rs114740838	0.125184982598434
rs7450970	0.0860491056514053
rs1321328	0.812232126476388
rs3899233	0.235638639220927
rs971432	0.0860491056514053
rs971433	0.029555367510957
rs971434	0.812232126476388
rs17070803	0.89857726800686
rs75907943	0.89857726800686
rs9400312	0.0860491056514053
rs9400313	0.029555367510957
rs7764783	0.0860491056514053
rs117511288	0.0616315075498876
rs4947003	0.0860491056514053
rs4947004	0.0319046101538234
rs1321329	0.89857726800686
rs4947005	0.610759530749134
rs4947006	0.0252968117838667
rs9480990	0.935332541543188
rs57017827	0.0147154129053157
rs2016207	0.0860491056514053
rs731879	0.0860491056514053
rs2076929	0.783822380769196
rs911022	0.0319046101538234
rs911023	0.0252968117838667
rs5879035	0.531740656905289
rs6568590	0.0860491056514053
rs7739885	0.256745501980534
rs9400314	0.082731224927059
rs9374113	0.0860491056514053
rs9400315	0.0860491056514053
rs79290081	0.911856591836952
rs4947007	0.5564850196721
rs77750918	0.911856591836952
rs78324315	0.89857726800686
rs146926890	0.837912202769681
rs71541004	0.0860491056514053
rs62435981	0.082731224927059
rs62435982	0.0860491056514053
rs4947009	0.0860491056514053
rs77695119	0.911856591836952
rs4947010	0.0860491056514053
rs4947011	0.0860491056514053
rs140052620	0.235638639220927
rs9374114	0.0860491056514053
rs79646375	0.870348670265236
rs9372223	0.5564850196721
rs138722825	0.899388828892373
rs9384720	0.0860491056514053
rs75823661	0.911856591836952
rs75907052	0.618092397767849
rs68004056	0.082731224927059
rs7751458	0.0860491056514053
rs140999066	0.0147154129053157
rs7752445	0.0860491056514053
rs7772817	0.567801370863617
rs146684792	0.0780756171661687
rs6900091	0.783822380769196
rs551910594	0.636016071644176
rs7740332	0.474536088075066
rs11153211	0.0860491056514053
rs12663805	0.0860491056514053
rs7772109	0.0626204431760298
rs9480991	0.0860491056514053
rs11963170	0.0492770465126641
rs11963127	0.0492770465126641
rs10456867	0.618092397767849
rs147298113	0.608793053449501
rs6568591	0.0319046101538234
rs34393084	0.235638639220927
rs75570676	0.0147154129053157
rs12197838	0.235638639220927
rs9400316	0.029555367510957
rs866685	0.5564850196721
rs829813	0.0827312249270591
rs75631525	0.0192419253490804
rs829814	0.0827312249270591
rs7765916	0.783822380769196
rs829815	0.0860491056514053
rs182088615	0.911856591836952
rs829816	0.0860491056514053
rs6911700	0.235638639220927
rs7749605	0.783822380769196
rs7767805	0.935332541543188
rs829817	0.0252968117838667
rs145666520	0.89857726800686
rs62435988	0.194087398238431
rs58731181	0.911856591836952
rs829818	0.029555367510957
rs117901418	0.636016071644176
rs113281660	0.0860491056514053
rs7341297	0.235638639220927
rs9487186	0.783822380769196
rs146495681	0.877529181741395
rs149385650	0.781951025830984
rs1096138	0.0626204431760298
rs1096139	0.0860491056514053
rs1096140	0.0860491056514053
rs28816813	0.618092397767849
rs1096141	0.5564850196721
rs1096142	0.029555367510957
rs10457203	0.235638639220927
rs1102924	0.0860491056514053
rs138251245	0.452974153237649
rs6568593	0.0860491056514053
rs6568594	0.0860491056514053
rs148562646	0.635848946138426
rs7743159	0.783822380769196
rs6568595	0.0860491056514053
rs12210706	0.235638639220927
rs141182164	0.667791501001679
rs6910897	0.0983296384554389
rs536678059	0.0192419253490804
rs561251292	0.0319046101538234
rs6568596	0.0860491056514053
rs6917383	0.783822380769196
rs2145144	0.0860491056514053
rs6918140	0.0860491056514053
rs9400317	0.157808037855151
rs1885425	0.0860491056514053
rs6924269	0.0860491056514053
rs74612342	0.911856591836952
rs74900254	0.0147154129053157
rs927127	0.783822380769196
rs927128	0.22277308202607
rs12192268	0.235638639220927
rs78200890	0.911856591836952
rs142765048	0.911856591836952
rs829810	0.567801370863616
rs865503	0.433016304315281
rs4947012	0.0216382522678908
rs55873083	0.995754989021457
rs75509752	0.125184982598434
rs75045314	0.125184982598434
rs11446875	0.692987357417034
rs927129	0.22277308202607
rs829811	0.692987357417034
rs114876990	0.125184982598434
rs562052199	0.64143579896808
rs116347598	0.125184982598434
rs11153214	0.850706650209645
rs12201356	0.204390026835832
rs79950182	0.89857726800686
rs76815735	0.911856591836952
rs1096136	0.0858107699836348
rs79058791	0.0147154129053157
rs77848403	0.125184982598434
rs1096137	0.692987357417034
rs1103996	0.718836976413697
rs829812	0.692987357417034
rs200941180	0.803876474032625
rs560391007	0.803876474032625
rs116931333	0.39371788528943
rs146312342	0.911856591836952
rs11964742	0.125184982598434
rs6920418	0.125184982598434
rs147779183	0.0612193629520143
rs141227722	0.89857726800686
rs4947013	0.685003227618494
rs1535419	0.911856591836952
rs1535420	0.911856591836952
rs17070833	0.911856591836952
rs3799844	0.89857726800686
rs77348682	0.310833724771346
rs3823234	0.66269909409966
rs6912438	0.125184982598434
rs10687862	0.66269909409966
rs114141611	0.154458566066314
rs80044835	0.614633740004596
rs56125306	0.0446181504513696
rs114440635	0.125184982598434
rs138171395	0.0147154129053157
rs112885933	0.783822380769196
rs192413061	0.870348670265236
rs116291217	0.176520725964643
rs115333593	0.125184982598434
rs11969234	0.125184982598434
rs4947014	0.78698305825462
rs3799845	0.247779068297557
rs2025148	0.247779068297557
rs56264193	0.065014788911769
rs2025149	0.848715916926514
rs3799848	0.913447250452545
rs3823235	0.320748839044797
rs7759120	0.801156754494561
rs9386835	0.783822380769196
rs147064812	0.503683574402294
rs13207864	0.917243061335956
rs6906729	0.78698305825462
rs9487193	0.783822380769196
rs9480994	0.22277308202607
rs6936853	0.78698305825462
rs201204675	0.256745501980534
rs142690052	0.0706749571455599
rs6900133	0.065014788911769
rs6568597	0.125184982598434
rs6900187	0.065014788911769
rs6568598	0.162513271428062
rs6568599	0.125184982598434
rs13211604	0.917243061335956
rs11754263	0.065014788911769
rs13212535	0.917243061335956
rs117097722	0.0216382522678908
rs6917300	0.078166574298783
rs73535341	0.783822380769196
rs2295835	0.783822380769196
rs7742066	0.783822380769196
rs56378532	0.0216382522678908
rs6924436	0.0712307732847007
rs12204548	0.228362375052876
rs3799849	0.228362375052876
rs114545793	0.125184982598434
rs7771150	0.841153212897326
rs6941211	0.849465677799521
rs6568600	0.172038944018319
rs9398214	0.706661685832161
rs9398215	0.651758356390816
rs114424002	0.125184982598434
rs139375242	0.636016071644176
rs7764711	0.921068338365626
rs9372225	0.998064464909303
rs139554982	0.2410879586347
rs17070874	0.998064464909303
rs34607555	0.283752588671206
rs61135786	0.921068338365626
rs74588481	0.139646833652616
rs147656886	0.256745501980534
rs78756368	0.756464426730158
rs62437563	0.0928042753824578
rs373372347	0.131448835254841
rs186109255	0.890147166017425
rs9386839	0.246967523489444
rs2884130	0.872638021338045
rs148862144	0.283752588671206
rs2357225	0.283752588671206
rs6568601	0.0928042753824578
rs6921615	0.921068338365626
rs76157421	0.0586183780912855
rs17070875	0.0586183780912855
rs6933962	0.921068338365626
rs115446297	0.100482688759433
rs3799850	0.909378290980463
rs17540056	0.0928042753824578
rs12213341	0.618092397767849
rs4947015	0.110011024715259
rs12215077	0.283752588671206
rs12661287	0.902597157326621
rs6568602	0.299066622033639
rs12215385	0.614633740004596
rs11153215	0.283752588671206
rs75592319	0.913447250452545
rs75723400	0.909378290980463
rs6568603	0.299066622033639
rs75377510	0.0458518721065203
rs200595202	0.12520513787009
rs12192279	0.131993398349655
rs9285400	0.921068338365626
rs3799852	0.921068338365626
rs11753828	0.0928042753824578
rs114246340	0.125184982598434
rs74730005	0.700724307589524
rs11964533	0.905073145584598
rs2273752	0.283752588671206
rs12201444	0.283752588671206
rs9487197	0.22277308202607
rs5879044	0.299066622033639
rs4141930	0.285306475190182
rs7770646	0.131616920700059
rs12193345	0.628258645531692
rs79745975	0.0458518721065203
rs6942171	0.0928042753824578
rs9487198	0.22277308202607
rs4947016	0.277151110958037
rs6899688	0.921068338365626
rs13203636	0.645031780105116
rs17070915	0.95670559384798
rs1322124	0.277151110958037
rs72045093	0.0215553112303812
rs2295836	0.998064464909303
rs2295837	0.67557292028832
rs149608939	0.0928042753824578
rs9374117	0.998064464909303
rs17612758	0.0215553112303812
rs9400320	0.197075276044234
rs9487202	0.0939992878727794
rs75743084	0.0124574872798625
rs187071852	0.781951025830984
rs13194387	0.387726845070855
rs17070921	0.95670559384798
rs56809191	0.125184982598434
rs12206574	0.110011024715259
rs62437568	0.0131436013916472
rs13198852	0.0801593243631255
rs116211591	0.125184982598434
rs181616172	0.2410879586347
rs12528392	0.0801593243631255
rs6941360	0.0939992878727794
rs6922064	0.618092397767849
rs6899915	0.921068338365626
rs11153216	0.0801593243631255
rs139092450	0.143838450504989
rs2025147	0.103168647857281
rs12171561	0.251028510967669
rs77342430	0.95670559384798
rs7758697	0.251028510967669
rs74342516	0.60101401966351
rs7763229	0.920522533540889
rs9487203	0.998064464909303
rs143653649	0.285775362414491
rs13197056	0.387726845070855
rs190810208	0.95670559384798
rs573148910	0.95670559384798
rs12181598	0.0935728462778444
rs9689859	0.910728841885917
rs200312068	0.67557292028832
rs58652640	0.0731579719137717
rs13201228	0.412043048811674
rs6919353	0.912906340913752
rs9481000	0.22277308202607
rs6568604	0.0208953866121088
rs142547654	0.888529980844608
rs7775092	0.998064464909303
rs7761113	0.747306145117624
rs9386840	0.0553174541084546
rs539177644	0.719630542371352
rs191198648	0.888529980844608
rs9386841	0.998064464909303
rs9481002	0.0208953866121088
rs9400321	0.998064464909303
rs149959480	0.125184982598434
rs60195688	0.125184982598434
rs12193759	0.756464426730158
rs7451512	0.0801593243631255
rs141678120	0.0208184637142873
rs7772938	0.0208953866121088
rs4498399	0.900065727273083
rs12213915	0.618092397767849
rs555360568	0.0284259808075424
rs117473542	0.888529980844608
rs139864186	0.125184982598434
rs143311599	0.125184982598434
rs11759958	0.0215553112303812
rs55873248	0.0131436013916472
rs11961286	0.125184982598434
rs12203993	0.0801593243631255
rs9487211	0.921068338365626
rs150918714	0.0215553112303812
rs2357226	0.0960394449469176
rs80101079	0.0948646078180906
rs9481003	0.200473424527258
rs17070937	0.888529980844608
rs148690642	0.0284259808075424
rs76928132	0.67557292028832
rs7756284	0.0215553112303812
rs13191444	0.385758996434401
rs11751112	0.0215553112303812
rs12190372	0.0801593243631255
rs77200376	0.0960394449469176
rs11347350	0.0960394449469176
rs57159750	0.332914985670536
rs9372226	0.998064464909303
rs13196280	0.387726845070855
rs6912209	0.815506685479498
rs75356913	0.95670559384798
rs17612996	0.0215553112303812
rs13437149	0.998064464909303
rs9386842	0.998064464909303
rs149100337	0.319924974662228
rs6912603	0.0948646078180906
rs12526189	0.602436935125673
rs116373634	0.125184982598434
rs59198823	0.125184982598434
rs4947018	0.0208184637142873
rs4945838	0.921068338365626
rs4947019	0.110011024715259
rs56009458	0.0215553112303812
rs9374120	0.921068338365626
rs7770807	0.960921230532815
rs13198879	0.139170493408351
rs78518502	0.0244388354978248
rs9374121	0.0306256281042153
rs113606103	0.0348151127986897
rs139762082	0.888529980844608
rs113609599	0.885621280567562
rs13207150	0.38370858121173
rs12210529	0.69506702289793
rs58068940	0.0131436013916472
rs77678973	0.141799502243058
rs74975304	0.141799502243058
rs11964864	0.138050746173497
rs73523083	0.169025294948587
rs116549023	0.140950555295047
rs4947020	0.960921230532815
rs11968978	0.374058960035733
rs75958641	0.0204587266704604
rs7764868	0.0872219230786122
rs149844696	0.503683574402294
rs111505237	0.234827152070276
rs11757485	0.0131436013916472
rs17613127	0.570075400813019
rs9487213	0.634994986705603
rs75768973	0.92558629342016
rs11757580	0.0223656506438807
rs58191833	0.00592500783075433
rs35299411	0.128630935028322
rs6568606	0.0796839092427403
rs9386843	0.574367868048494
rs6568607	0.170873895156515
rs142823687	0.0121345293143315
rs146098707	0.688315582000439
rs148761811	0.219611404324103
rs184288996	0.391913847594481
rs112781338	0.102571315419486
rs6568608	0.546059858722237
rs9320314	0.307515852063965
rs80236074	0.535657218676657
rs143130997	0.165976504625207
rs12175652	0.0699941728040828
rs9487215	0.11279379984049
rs11153219	0.826750657661893
rs5879045	0.245013488970202
rs112930861	0.252835052435045
rs10457204	0.122013908510553
rs9487216	0.176375704485717
rs371591408	0.169073150254457
rs6903587	0.487565906854111
rs9487217	0.176375704485717
rs10499054	0.130790466499272
rs9320315	0.248217222247481
rs77891891	0.581979686117489
rs10499055	0.667496949532631
rs6914322	0.243779515860799
rs9386844	0.124374196954496
rs9885672	0.243779515860799
rs58730628	0.968805654849735
rs60456575	0.968805654849735
rs72944969	0.0313464236977911
rs2492979	0.507294305409172
rs2492978	0.176375704485717
rs9386845	0.507294305409172
rs9384723	0.129931619816763
rs72944972	0.0364435482834859
rs57061961	0.0449919606591516
rs73762800	0.487565906854111
rs4591888	0.581979686117489
rs4376385	0.581979686117489
rs192209196	0.746353917494291
rs17070969	0.205147614762494
rs7766308	0.973607256093239
rs73525105	0.22277308202607
rs59680251	0.10618873348871
rs73762801	0.926121516325823
rs17070970	0.759554819530212
rs17613515	0.877529181741395
rs6568609	0.148796683930952
rs17052438	0.166469009951063
rs796500080	0.759554819530212
rs12182240	0.099043021040113
rs34735897	0.759554819530212
rs142390563	0.315487546839025
rs57285958	0.148796683930952
rs17070972	0.759554819530212
rs4947021	0.274406784398518
rs72944977	0.0167648807176987
rs7744512	0.985090592450767
rs4295520	0.571788258749255
rs4499962	0.910379027595091
rs4307211	0.910379027595091
rs80125280	0.667101304087135
rs79788392	0.0308971899586561
rs4330563	0.910379027595091
rs4473902	0.00764022567908864
rs4072342	0.910379027595091
rs10499056	0.581979686117489
rs9398216	0.632843122381786
rs7743976	0.910379027595091
rs77563206	0.166469009951063
rs78551600	0.581979686117489
rs73765003	0.985090592450767
rs58417621	0.148796683930952
rs4495300	0.322945333804155
rs78926979	0.581979686117489
rs17070980	0.166469009951063
rs13220781	0.112948823698068
rs17070984	0.759554819530212
rs12206439	0.280340837366536
rs12182043	0.137539189992712
rs11153220	0.26259127363848
rs144509668	0.581979686117489
rs73525129	0.48322981077147
rs78552632	0.510994477077981
rs4130817	0.48322981077147
rs9400322	0.280340837366536
rs7774538	0.315703137551255
rs73765005	0.588941896776192
rs77652347	0.338660143318755
rs4407743	0.526592614432083
rs4945839	0.291489698195103
rs9374125	0.546667698198956
rs2492977	0.569399035431658
rs2503766	0.490223950686312
rs4512266	0.382300968270835
rs78988717	0.0283988379057922
rs73765007	0.382300968270835
rs4388322	0.568333375013471
rs9398217	0.303761917680812
rs4546525	0.751935867443172
rs12527421	0.303761917680812
rs78654288	0.652511611727267
rs59180278	0.382300968270835
rs72944995	0.594035249280065
rs72944996	0.652118500898809
rs4527747	0.393033539304996
rs9487224	0.169025294948587
rs9374126	0.303761917680812
rs114928104	0.192925750005046
rs139070511	0.773927140355728
rs144986030	0.773927140355728
rs149089889	0.19811203946974
rs9481007	0.473443530571895
rs4947022	0.487266085685705
rs77195905	0.0283988379057922
rs9487226	0.395053366142476
rs9487227	0.394483158538976
rs11346185	0.32348285332123
rs200050760	0.514277306504856
rs78885563	0.0283988379057922
rs78532720	0.0283988379057922
rs79821177	0.286225246864001
rs1127771	0.403507665834222
rs10659	0.382300968270835
rs1127775	0.303761917680812
rs76385456	0.174873354121374
rs35095488	0.303761917680812
rs5879048	0.394483158538976
rs73765009	0.46943332650141
rs147070586	0.8041959420345
rs72945000	0.0183236057273915
rs75403075	0.916299768805101
rs72945002	0.474887029243469
rs79617547	0.735661051313451
rs141600437	0.382300968270835
rs9481009	0.412039724156137
rs9487230	0.413303585241198
rs4245536	0.303761917680812
rs4298380	0.303761917680812
rs7770823	0.415151680189771
rs7771000	0.411913535890073
rs116712960	0.257184794812538
rs7771313	0.412039724156137
rs10522383	0.530864122971446
rs4947024	0.303761917680812
rs75501576	0.880567232470879
rs12199045	0.452527685258877
rs67209304	0.528677230374119
rs73525146	0.620358305245523
rs6568612	0.721510822963234
rs6933624	0.548428581761041
rs7750996	0.586610092159349
rs9400325	0.52554763177706
rs9400326	0.358797826051932
rs111625971	0.0673359710294291
rs6914517	0.571869539427908
rs9481010	0.457153599512687
rs4332017	0.310675784320251
rs11383734	0.132471392005736
rs5020015	0.236421186564036
rs76124970	0.573621612899858
rs140727084	0.301898531287907
rs12524964	0.219013365354937
rs4631332	0.113151425664104
rs147885460	0.442600948597381
rs72613253	0.628680327899102
rs9400327	0.140391168301979
rs76192723	0.718204325069426
rs140684186	0.971049742512975
rs138445663	0.934051380345964
rs115584651	0.79914605648289
rs148033589	0.324958528897996
rs4947025	0.405418243990941
rs148279816	0.324958528897996
rs114858855	0.565677305175725
rs9481013	0.134962131093906
rs4947026	0.134962131093906
rs143831173	0.565677305175725
rs9481014	0.630976086250645
rs7763804	0.552933873531074
rs6568614	0.170917899948171
rs72946815	0.153899412297659
rs72946819	0.219013365354937
rs58279044	0.240298800036147
rs9487234	0.877207615950054
rs4077067	0.14913670697021
rs4077069	0.324958528897996
rs6568615	0.14913670697021
rs117556881	0.735333328667523
rs6920112	0.170917899948171
rs138865076	0.971049742512975
rs9487235	0.0937526593194678
rs7762327	0.177568025810396
rs141986637	0.84347953673101
rs9487236	0.615560392087033
rs58180025	0.784161170730618
rs74859158	0.12152935662693
rs9487237	0.868935662201171
rs4428539	0.192934444935632
rs2503762	0.413000648239564
rs4601174	0.185248952474143
rs79459285	0.0985687898265868
rs9374127	0.231693615829381
rs79911288	0.82472751744154
rs9320317	0.0996029823328105
rs79023265	0.55055307893665
rs13209604	0.868935662201171
rs12529570	0.504509805117439
rs141071101	0.7446394557046
rs112879233	0.943289094949028
rs56199631	0.521695388533113
rs141013828	0.255404700456565
rs4288229	0.335929786830468
rs12529662	0.469207734720484
rs57873205	0.943289094949028
rs59516405	0.943289094949028
rs9481015	0.615560392087033
rs55998397	0.176210920672406
rs56012124	0.253755577259872
rs371350172	0.752573647174755
rs141687824	0.7446394557046
rs13191175	0.615560392087033
rs56269581	0.941124002185443
rs117419229	0.155610806342478
rs147911329	0.434470971885329
rs13208013	0.737685284203065
rs4489191	0.140709908051313
rs4490705	0.234900867473743
rs35608475	0.219707464421787
rs2492976	0.274759511560452
rs57046721	0.955777439895339
rs11751746	0.68967155679805
rs187770126	0.252835052435045
rs9400330	0.327871895644078
rs118146092	0.324958528897996
rs78361243	0.580986360456654
rs12664532	0.867685340545124
rs13207337	0.413715767534103
rs143404283	0.239261336177904
rs144626125	0.535755095619629
rs57085998	0.535755095619629
rs200227135	0.535755095619629
rs59147648	0.535755095619629
rs9400331	0.549012913622843
rs9374129	0.298413180337973
rs9372229	0.549012913622843
rs201528529	0.982378046112555
rs9372230	0.187929339958284
rs141031248	0.142467946319297
rs181015023	0.22286032767176
rs9386849	0.549012913622843
rs138531500	0.268378637950112
rs9400332	0.142467946319297
rs113752679	0.963853370474024
rs111349697	0.324958528897996
rs112806388	0.302947194685605
rs150575563	0.68761085893083
rs138619201	0.993688516039744
rs142902848	0.338339793274815
rs147448610	0.920249814184324
rs139896913	0.712039360781597
rs9400333	0.549012913622843
rs186532787	0.324958528897996
rs9481016	0.298413180337973
rs9374130	0.549012913622843
rs9386850	0.142467946319297
rs113001964	0.408954230274927
rs58031304	0.46073719291959
rs56188089	0.184030368524093
rs58339006	0.535755095619629
rs9384725	0.142467946319297
rs7759816	0.278878545666036
rs57428995	0.239216081603642
rs35492212	0.764615206692747
rs72946831	0.780629723237874
rs72946833	0.922548291688466
rs6920876	0.576210718124946
rs6921979	0.622912176035718
rs9386851	0.204814511942197
rs6899537	0.31388620351304
rs74883201	0.348941238758238
rs4548046	0.226010005157586
rs9487239	0.5553795462107
rs4527748	0.927149999682063
rs9372231	0.182726306358201
rs6910888	0.927149999682063
rs76427921	0.505661717810814
rs75388410	0.505661717810814
rs9487240	0.165895534666351
rs62437601	0.713070751155046
rs9487241	0.165895534666351
rs9487242	0.165895534666351
rs4947028	0.186002678158029
rs7774389	0.14526189161836
rs78873250	0.73109261868497
rs113001725	0.786757278175885
rs10872056	0.143130467343632
rs6933800	0.165895534666351
rs9374131	0.869397920456347
rs6933852	0.701661445676183
rs79000280	0.335469650509399
rs9400334	0.551968952332323
rs9400335	0.18603134122702
rs7774523	0.916237185982864
rs73525189	0.701661445676183
rs34088376	0.131643989343947
rs35671351	0.174862411477585
rs9400336	0.826970016765209
rs115926627	0.094320987891692
rs9374132	0.190811248590987
rs56330216	0.69930832826812
rs148356733	0.322291492297851
rs9374133	0.551968952332323
rs4945840	0.190811248590987
rs4945841	0.190811248590987
rs182134266	0.912301362458923
rs9487244	0.949136145761684
rs144196937	0.444902368334508
rs9386852	0.174862411477585
rs78403583	0.58051067726392
rs79763299	0.58051067726392
rs4418226	0.156718811618879
rs4418227	0.156718811618879
rs4245537	0.826970016765209
rs12663109	0.676904939180725
rs9372234	0.156427184922645
rs9398221	0.156427184922645
rs12663182	0.774824607604104
rs9374135	0.165895534666351
rs6913140	0.156427184922645
rs6933886	0.156427184922645
rs4308594	0.659753020833158
rs4421234	0.148220811119559
rs117693472	0.444902368334508
rs73527407	0.701661445676183
rs9374136	0.156883934691347
rs9374137	0.130605496752465
rs9372235	0.130605496752465
rs36014569	0.130605496752465
rs7741195	0.156883934691347
rs35418369	0.130605496752465
rs62437602	0.66660246952464
rs13203850	0.182309805412931
rs11751002	0.130605496752465
rs11755764	0.130605496752465
rs11758195	0.190039934680858
rs9400337	0.159599494355635
rs9400338	0.202060928014563
rs9400339	0.238752640938564
rs184918019	0.177927321185818
rs143875636	0.483085512217384
rs6911053	0.159599494355635
rs4631333	0.190039934680858
rs4636063	0.190039934680858
rs181983949	0.616298737233621
rs4554348	0.238752640938564
rs112605804	0.551968952332323
rs112934322	0.533799324099882
rs148946009	0.73330206859261
rs139066298	0.159599494355635
rs78956506	0.483085512217384
rs71558386	0.236087225217348
rs11153221	0.754399497814529
rs12525245	0.754399497814529
rs117592440	0.912301362458923
rs4947029	0.159599494355635
rs75993494	0.912301362458923
rs4945842	0.190039934680858
rs4429980	0.185353848199401
rs60009622	0.645274966752022
rs4245538	0.250759273419395
rs4295521	0.219042238465836
rs192266433	0.448674277014965
rs4379330	0.301115387023582
rs79052306	0.446629318313912
rs4560681	0.97348076697976
rs72946875	0.601904393708701
rs4604297	0.151232565597273
rs4260770	0.250759273419395
rs72946878	0.492373998298554
rs7762103	0.22300541054624
rs4945844	0.159599494355635
rs192326369	0.626313284735675
rs9384727	0.819522671306728
rs9386856	0.446629318313912
rs28885742	0.324311510255112
rs9400341	0.202060928014563
rs9487246	0.179985358385506
rs4434504	0.218064918862421
rs9487248	0.67082653796363
rs9487249	0.179985358385506
rs4333457	0.16300812080628
rs6941085	0.159599494355635
rs12665788	0.794175854778125
rs35859360	0.236087225217348
rs79621150	0.676904939180725
rs4947032	0.250759273419395
rs4947033	0.238752640938564
rs9384728	0.191855802020044
rs9386857	0.238752640938564
rs77253483	0.516127755945489
rs113739625	0.639306130464211
rs4557563	0.869343430290427
rs9398225	0.174536004430705
rs146875097	0.54125730009688
rs4245540	0.161043579156954
rs77951204	0.639306130464211
rs4460242	0.191855802020044
rs4636064	0.137560511860161
rs9386858	0.141904666380135
rs79516691	0.676904939180725
rs117036571	0.407686405350958
rs7749230	0.223785750214008
rs4947034	0.266429720010851
rs117945756	0.912301362458923
rs13215118	0.236087225217348
rs73527470	0.554717025470218
rs7774382	0.321708982842228
rs4499963	0.572135220477363
rs58589193	0.617260618039047
rs10872057	0.245942358853831
rs6903208	0.220704580437475
rs79680459	0.39623282405558
rs74848502	0.676904939180725
rs13210272	0.508891631112515
rs4245541	0.518068750781135
rs9400342	0.295667041935389
rs6420688	0.29045736303064
rs117728860	0.161578294270609
rs111328854	0.518068750781136
rs6907986	0.232158287372754
rs9487251	0.355948949050541
rs77661679	0.518068750781136
rs113672195	0.238752640938564
rs76579933	0.518068750781136
rs78492110	0.250759273419395
rs78133089	0.250759273419395
rs9386860	0.724174868455338
rs9398226	0.666852862502546
rs9487252	0.814761180989063
rs7740265	0.716654050872874
rs7740408	0.776292266491403
rs9384729	0.788135948297554
rs9374139	0.812773464856096
rs79870720	0.7523827653348
rs4487621	0.630493967647801
rs7767924	0.689628531084583
rs9487253	0.245797699449218
rs4245542	0.21925996629097
rs4557564	0.124666147759654
rs76876680	0.912301362458923
rs71551385	0.98081349111213
rs750447005	0.98081349111213
rs780274039	0.98081349111213
rs7453570	0.98081349111213
rs4504504	0.915688914927002
rs4504505	0.828531184326332
rs6914221	0.616564543025274
rs9386861	0.592101207740542
rs35101255	0.76616926288402
rs6900235	0.388747660166895
rs6920527	0.736829798799512
rs72948739	0.798782348149552
rs79582485	0.407499115514769
rs10872058	0.775422222058092
rs10872059	0.775422222058092
rs34836283	0.699109986496407
rs10872060	0.441674679057507
rs77830253	0.483153430751504
rs4521632	0.693312362294977
rs6900525	0.76616926288402
rs6900672	0.736829798799512
rs9400344	0.522737800328029
rs117048322	0.411170566144715
rs62437626	0.875105476071204
rs6903283	0.736829798799512
rs9386862	0.751568319966754
rs9372237	0.71607226608458
rs9386863	0.456116320568505
rs9400345	0.660028732694483
rs143989457	0.800101667595186
rs6910580	0.728619943616698
rs4554347	0.641329318989849
rs35480321	0.845911023987903
rs79842528	0.501449857491139
rs9400346	0.413006653287147
rs113854626	0.898044358678304
rs60616179	0.687847023694798
rs75549258	0.765008664930397
rs117593948	0.0135647100121466
rs4947035	0.0867898741353958
rs6933557	0.853973882991092
rs9400347	0.838570096224836
rs72948758	0.903261238127956
rs9487255	0.957701541040039
rs36061993	0.921510869747293
rs80038532	0.482745499323976
rs4945847	0.395216016707423
rs7741663	0.0171332198485453
rs143112663	0.0340476984884947
rs34768035	0.859323807854228
rs58005163	0.482745499323976
rs61392193	0.690557937077293
rs9374140	0.310143684249743
rs4947036	0.482574647480153
rs79373988	0.936378421204957
rs4945848	0.455213684955203
rs137934063	0.0246456412339133
rs9398227	0.413560178783854
rs144220061	0.339731510748485
rs72948763	0.597413005155666
rs13200028	0.802853835580871
rs9372239	0.367665412020755
rs28470614	0.603577585963036
rs9372240	0.742396092268709
rs75922607	0.0142935058308499
rs79628847	0.0142935058308499
rs76864382	0.912301362458923
rs77827814	0.69479612375026
rs117471040	0.0263478312944781
rs75247303	0.0142935058308499
rs9374141	0.538657268659059
rs9400348	0.332543447603168
rs9400349	0.776148928165849
rs4484552	0.453074280026618
rs78310404	0.85296456748841
rs117201176	0.963333993451597
rs117305571	0.296610668408818
rs4947038	0.149309999685108
rs72948767	0.233885870486333
rs78045146	0.246412521461198
rs4947039	0.817574688346175
rs148102123	0.502630496381066
rs142866418	0.246412521461198
rs12528774	0.824168831420282
rs4947040	0.753382861721459
rs58459070	0.0498856114507885
rs9372241	0.640228266080987
rs80295366	0.608692936015628
rs4245543	0.609520428959184
rs71923381	0.154691209658749
rs116135377	0.464610378118786
rs75710538	0.832111370460498
rs34827280	0.310576140485756
rs6918678	0.628954626609348
